"review_kind","review_key","item_id","candidate_item_id","review_status","reviewer","reviewed_at","rationale","source_group_id","quality_disposition","suitability_disposition","duplicate_disposition","dataset_licence_status","item_provenance_status","access_status","redistribution_status","figure_reproduction_status"
"item","smb-test-000000","smb-test-000000","","pending","","","","haydn_sonata15_1_p0","","pending","pending","pending","pending","confirmed","pending","pending"
"item","smb-test-000001","smb-test-000001","","pending","","","","haydn_sonata15_1_p1","","pending","pending","pending","pending","confirmed","pending","pending"
"item","smb-test-000002","smb-test-000002","","pending","","","","mozart_sonata06_3k_right_hand_p0","","pending","pending","pending","pending","confirmed","pending","pending"
"item","smb-test-000003","smb-test-000003","","pending","","","","mozart_sonata09_2_right_hand_p0","","pending","pending","pending","pending","confirmed","pending","pending"
"item","smb-test-000004","smb-test-000004","","pending","","","","beethoven_sonata11_4_p0","","pending","pending","pending","pending","confirmed","pending","pending"
"item","smb-test-000005","smb-test-000005","","pending","","","","beethoven_sonata11_4_p1","","pending","pending","pending","pending","confirmed","pending","pending"
"item","smb-test-000006","smb-test-000006","","pending","","","","beethoven_sonata11_4_p2","","pending","pending","pending","pending","confirmed","pending","pending"
"item","smb-test-000007","smb-test-000007","","pending","","","","beethoven_sonata11_4_p3","","pending","pending","pending","pending","confirmed","pending","pending"
"item","smb-test-000008","smb-test-000008","","pending","","","","beethoven_sonata11_4_p4","","pending","pending","pending","pending","confirmed","pending","pending"
"item","smb-test-000009","smb-test-000009","","pending","","","","beethoven_sonata11_4_p5","","pending","pending","pending","pending","confirmed","pending","pending"
"item","smb-test-000010","smb-test-000010","","pending","","","","beethoven_sonata11_4_p6","","pending","pending","pending","pending","confirmed","pending","pending"
"item","smb-test-000011","smb-test-000011","","pending","","","","beethoven_sonata11_4_p7","","pending","pending","pending","pending","confirmed","pending","pending"
"item","smb-test-000012","smb-test-000012","","pending","","","","beethoven_sonata11_4_p8","","pending","pending","pending","pending","confirmed","pending","pending"
"item","smb-test-000013","smb-test-000013","","pending","","","","haydn_op76n6_04_p0","","pending","pending","pending","pending","confirmed","pending","pending"
"item","smb-test-000014","smb-test-000014","","pending","","","","haydn_op76n6_04_p1","","pending","pending","pending","pending","confirmed","pending","pending"
"item","smb-test-000015","smb-test-000015","","pending","","","","haydn_op76n6_04_p2","","pending","pending","pending","pending","confirmed","pending","pending"
"item","smb-test-000016","smb-test-000016","","pending","","","","haydn_op76n6_04_p3","","pending","pending","pending","pending","confirmed","pending","pending"
"item","smb-test-000017","smb-test-000017","","pending","","","","haydn_op76n6_04_p4","","pending","pending","pending","pending","confirmed","pending","pending"
"item","smb-test-000018","smb-test-000018","","pending","","","","haydn_op76n6_04_p5","","pending","pending","pending","pending","confirmed","pending","pending"
"item","smb-test-000019","smb-test-000019","","pending","","","","haydn_op76n6_04_p6","","pending","pending","pending","pending","confirmed","pending","pending"
"item","smb-test-000020","smb-test-000020","","pending","","","","mozart_sonata11_3_left_hand_p0","","pending","pending","pending","pending","confirmed","pending","pending"
"item","smb-test-000021","smb-test-000021","","pending","","","","mozart_sonata11_1g_left_hand_p0","","pending","pending","pending","pending","confirmed","pending","pending"
"item","smb-test-000022","smb-test-000022","","pending","","","","joplin_mapleleaf_p0","","pending","pending","pending","pending","confirmed","pending","pending"
"item","smb-test-000023","smb-test-000023","","pending","","","","joplin_mapleleaf_p1","","pending","pending","pending","pending","confirmed","pending","pending"
"item","smb-test-000024","smb-test-000024","","pending","","","","joplin_mapleleaf_p2","","pending","pending","pending","pending","confirmed","pending","pending"
"item","smb-test-000025","smb-test-000025","","pending","","","","mozart_rondo_in_f_fu-r_clavier_-_kv_533_114_left_hand_p0","","pending","pending","pending","pending","confirmed","pending","pending"
"item","smb-test-000026","smb-test-000026","","pending","","","","scarlatti_l336k093_p0","","pending","pending","pending","pending","confirmed","pending","pending"
"item","smb-test-000027","smb-test-000027","","pending","","","","scarlatti_l336k093_p1","","pending","pending","pending","pending","confirmed","pending","pending"
"item","smb-test-000028","smb-test-000028","","pending","","","","scarlatti_l336k093_p2","","pending","pending","pending","pending","confirmed","pending","pending"
"item","smb-test-000029","smb-test-000029","","pending","","","","scarlatti_l336k093_p3","","pending","pending","pending","pending","confirmed","pending","pending"
"item","smb-test-000030","smb-test-000030","","pending","","","","scarlatti_l336k093_p4","","pending","pending","pending","pending","confirmed","pending","pending"
"item","smb-test-000031","smb-test-000031","","pending","","","","scarlatti_l336k093_p5","","pending","pending","pending","pending","confirmed","pending","pending"
"item","smb-test-000032","smb-test-000032","","pending","","","","haydn_op74n1_02_p0","","pending","pending","pending","pending","confirmed","pending","pending"
"item","smb-test-000033","smb-test-000033","","pending","","","","haydn_op74n1_02_p1","","pending","pending","pending","pending","confirmed","pending","pending"
"item","smb-test-000034","smb-test-000034","","pending","","","","haydn_op74n1_02_p2","","pending","pending","pending","pending","confirmed","pending","pending"
"item","smb-test-000035","smb-test-000035","","pending","","","","haydn_op74n1_02_p3","","pending","pending","pending","pending","confirmed","pending","pending"
"item","smb-test-000036","smb-test-000036","","pending","","","","haydn_op74n1_02_p4","","pending","pending","pending","pending","confirmed","pending","pending"
"item","smb-test-000037","smb-test-000037","","pending","","","","haydn_op74n1_02_p5","","pending","pending","pending","pending","confirmed","pending","pending"
"item","smb-test-000038","smb-test-000038","","pending","","","","joplin_binks_p0","","pending","pending","pending","pending","confirmed","pending","pending"
"item","smb-test-000039","smb-test-000039","","pending","","","","joplin_binks_p1","","pending","pending","pending","pending","confirmed","pending","pending"
"item","smb-test-000040","smb-test-000040","","pending","","","","joplin_binks_p2","","pending","pending","pending","pending","confirmed","pending","pending"
"item","smb-test-000041","smb-test-000041","","pending","","","","joplin_binks_p3","","pending","pending","pending","pending","confirmed","pending","pending"
"item","smb-test-000042","smb-test-000042","","pending","","","","joplin_binks_p4","","pending","pending","pending","pending","confirmed","pending","pending"
"item","smb-test-000043","smb-test-000043","","pending","","","","joplin_binks_p5","","pending","pending","pending","pending","confirmed","pending","pending"
"item","smb-test-000044","smb-test-000044","","pending","","","","mozart_quartett_in_d_-_kv_575_p0","","pending","pending","pending","pending","confirmed","pending","pending"
"item","smb-test-000045","smb-test-000045","","pending","","","","mozart_quartett_in_d_-_kv_575_p1","","pending","pending","pending","pending","confirmed","pending","pending"
"item","smb-test-000046","smb-test-000046","","pending","","","","mozart_quartett_in_d_-_kv_575_p2","","pending","pending","pending","pending","confirmed","pending","pending"
"item","smb-test-000047","smb-test-000047","","pending","","","","mozart_quartett_in_d_-_kv_575_p3","","pending","pending","pending","pending","confirmed","pending","pending"
"item","smb-test-000048","smb-test-000048","","pending","","","","mozart_quartett_in_d_-_kv_575_p4","","pending","pending","pending","pending","confirmed","pending","pending"
"item","smb-test-000049","smb-test-000049","","pending","","","","mozart_quartett_in_d_-_kv_575_p5","","pending","pending","pending","pending","confirmed","pending","pending"
"item","smb-test-000050","smb-test-000050","","pending","","","","mozart_quartett_in_d_-_kv_575_p6","","pending","pending","pending","pending","confirmed","pending","pending"
"item","smb-test-000051","smb-test-000051","","pending","","","","mozart_quartett_in_d_-_kv_575_p7","","pending","pending","pending","pending","confirmed","pending","pending"
"item","smb-test-000052","smb-test-000052","","pending","","","","mozart_quartett_in_d_-_kv_575_p8","","pending","pending","pending","pending","confirmed","pending","pending"
"item","smb-test-000053","smb-test-000053","","pending","","","","mozart_sonata15_2_left_hand_p0","","pending","pending","pending","pending","confirmed","pending","pending"
"item","smb-test-000054","smb-test-000054","","pending","","","","scarlatti_l056k281_p0","","pending","pending","pending","pending","confirmed","pending","pending"
"item","smb-test-000055","smb-test-000055","","pending","","","","scarlatti_l056k281_p1","","pending","pending","pending","pending","confirmed","pending","pending"
"item","smb-test-000056","smb-test-000056","","pending","","","","scarlatti_l056k281_p2","","pending","pending","pending","pending","confirmed","pending","pending"
"item","smb-test-000057","smb-test-000057","","pending","","","","mozart_sonata10_1_left_hand_p0","","pending","pending","pending","pending","confirmed","pending","pending"
"item","smb-test-000058","smb-test-000058","","pending","","","","joplin_augustan_p0","","pending","pending","pending","pending","confirmed","pending","pending"
"item","smb-test-000059","smb-test-000059","","pending","","","","joplin_augustan_p1","","pending","pending","pending","pending","confirmed","pending","pending"
"item","smb-test-000060","smb-test-000060","","pending","","","","joplin_augustan_p2","","pending","pending","pending","pending","confirmed","pending","pending"
"item","smb-test-000061","smb-test-000061","","pending","","","","joplin_augustan_p3","","pending","pending","pending","pending","confirmed","pending","pending"
"item","smb-test-000062","smb-test-000062","","pending","","","","mozart_sonate_in_f_-_kv_332_29_left_hand_p0","","pending","pending","pending","pending","confirmed","pending","pending"
"item","smb-test-000063","smb-test-000063","","pending","","","","mozart_sonata14_2_p0","","pending","pending","pending","pending","confirmed","pending","pending"
"item","smb-test-000064","smb-test-000064","","pending","","","","mozart_sonata14_2_p1","","pending","pending","pending","pending","confirmed","pending","pending"
"item","smb-test-000065","smb-test-000065","","pending","","","","mozart_sonata14_2_p2","","pending","pending","pending","pending","confirmed","pending","pending"
"item","smb-test-000066","smb-test-000066","","pending","","","","mozart_sonata14_2_p3","","pending","pending","pending","pending","confirmed","pending","pending"
"item","smb-test-000067","smb-test-000067","","pending","","","","beethoven_sonata11_1_p0","","pending","pending","pending","pending","confirmed","pending","pending"
"item","smb-test-000068","smb-test-000068","","pending","","","","beethoven_sonata11_1_p1","","pending","pending","pending","pending","confirmed","pending","pending"
"item","smb-test-000069","smb-test-000069","","pending","","","","beethoven_sonata11_1_p2","","pending","pending","pending","pending","confirmed","pending","pending"
"item","smb-test-000070","smb-test-000070","","pending","","","","beethoven_sonata11_1_p3","","pending","pending","pending","pending","confirmed","pending","pending"
"item","smb-test-000071","smb-test-000071","","pending","","","","beethoven_sonata11_1_p4","","pending","pending","pending","pending","confirmed","pending","pending"
"item","smb-test-000072","smb-test-000072","","pending","","","","beethoven_sonata11_1_p5","","pending","pending","pending","pending","confirmed","pending","pending"
"item","smb-test-000073","smb-test-000073","","pending","","","","beethoven_sonata11_1_p6","","pending","pending","pending","pending","confirmed","pending","pending"
"item","smb-test-000074","smb-test-000074","","pending","","","","beethoven_sonata11_1_p7","","pending","pending","pending","pending","confirmed","pending","pending"
"item","smb-test-000075","smb-test-000075","","pending","","","","beethoven_sonata11_1_p8","","pending","pending","pending","pending","confirmed","pending","pending"
"item","smb-test-000076","smb-test-000076","","pending","","","","sousa_venus_transit_p0","","pending","pending","pending","pending","confirmed","pending","pending"
"item","smb-test-000077","smb-test-000077","","pending","","","","sousa_venus_transit_p1","","pending","pending","pending","pending","confirmed","pending","pending"
"item","smb-test-000078","smb-test-000078","","pending","","","","sousa_venus_transit_p2","","pending","pending","pending","pending","confirmed","pending","pending"
"item","smb-test-000079","smb-test-000079","","pending","","","","mozart_sonata14_1_p0","","pending","pending","pending","pending","confirmed","pending","pending"
"item","smb-test-000080","smb-test-000080","","pending","","","","mozart_sonata14_1_p1","","pending","pending","pending","pending","confirmed","pending","pending"
"item","smb-test-000081","smb-test-000081","","pending","","","","mozart_sonata14_1_p2","","pending","pending","pending","pending","confirmed","pending","pending"
"item","smb-test-000082","smb-test-000082","","pending","","","","mozart_sonata14_1_p3","","pending","pending","pending","pending","confirmed","pending","pending"
"item","smb-test-000083","smb-test-000083","","pending","","","","mozart_sonata14_1_p4","","pending","pending","pending","pending","confirmed","pending","pending"
"item","smb-test-000084","smb-test-000084","","pending","","","","joplin_reflection_p0","","pending","pending","pending","pending","confirmed","pending","pending"
"item","smb-test-000085","smb-test-000085","","pending","","","","joplin_reflection_p1","","pending","pending","pending","pending","confirmed","pending","pending"
"item","smb-test-000086","smb-test-000086","","pending","","","","landini_dimmitu_4x4_p0","","pending","pending","pending","pending","confirmed","pending","pending"
"item","smb-test-000087","smb-test-000087","","pending","","","","landini_dimmitu_4x4_p1","","pending","pending","pending","pending","confirmed","pending","pending"
"item","smb-test-000088","smb-test-000088","","pending","","","","landini_dimmitu_4x4_p2","","pending","pending","pending","pending","confirmed","pending","pending"
"item","smb-test-000089","smb-test-000089","","pending","","","","mozart_sonate_in_g_-_kv_283_p0","","pending","pending","pending","pending","confirmed","pending","pending"
"item","smb-test-000090","smb-test-000090","","pending","","","","mozart_sonate_in_g_-_kv_283_p1","","pending","pending","pending","pending","confirmed","pending","pending"
"item","smb-test-000091","smb-test-000091","","pending","","","","mozart_sonate_in_g_-_kv_283_p2","","pending","pending","pending","pending","confirmed","pending","pending"
"item","smb-test-000092","smb-test-000092","","pending","","","","mozart_sonate_in_g_-_kv_283_p3","","pending","pending","pending","pending","confirmed","pending","pending"
"item","smb-test-000093","smb-test-000093","","pending","","","","scarlatti_l267k052_p0","","pending","pending","pending","pending","confirmed","pending","pending"
"item","smb-test-000094","smb-test-000094","","pending","","","","scarlatti_l267k052_p1","","pending","pending","pending","pending","confirmed","pending","pending"
"item","smb-test-000095","smb-test-000095","","pending","","","","scarlatti_l267k052_p2","","pending","pending","pending","pending","confirmed","pending","pending"
"item","smb-test-000096","smb-test-000096","","pending","","","","scarlatti_l267k052_p3","","pending","pending","pending","pending","confirmed","pending","pending"
"item","smb-test-000097","smb-test-000097","","pending","","","","beethoven_sonata17_1_p0","","pending","pending","pending","pending","confirmed","pending","pending"
"item","smb-test-000098","smb-test-000098","","pending","","","","beethoven_sonata17_1_p1","","pending","pending","pending","pending","confirmed","pending","pending"
"item","smb-test-000099","smb-test-000099","","pending","","","","beethoven_sonata17_1_p2","","pending","pending","pending","pending","confirmed","pending","pending"
"item","smb-test-000100","smb-test-000100","","pending","","","","beethoven_sonata17_1_p3","","pending","pending","pending","pending","confirmed","pending","pending"
"item","smb-test-000101","smb-test-000101","","pending","","","","beethoven_sonata17_1_p4","","pending","pending","pending","pending","confirmed","pending","pending"
"item","smb-test-000102","smb-test-000102","","pending","","","","beethoven_sonata17_1_p5","","pending","pending","pending","pending","confirmed","pending","pending"
"item","smb-test-000103","smb-test-000103","","pending","","","","beethoven_sonata17_1_p6","","pending","pending","pending","pending","confirmed","pending","pending"
"item","smb-test-000104","smb-test-000104","","pending","","","","beethoven_sonata17_1_p7","","pending","pending","pending","pending","confirmed","pending","pending"
"item","smb-test-000105","smb-test-000105","","pending","","","","scarlatti_l240k369_p0","","pending","pending","pending","pending","confirmed","pending","pending"
"item","smb-test-000106","smb-test-000106","","pending","","","","scarlatti_l240k369_p1","","pending","pending","pending","pending","confirmed","pending","pending"
"item","smb-test-000107","smb-test-000107","","pending","","","","scarlatti_l240k369_p2","","pending","pending","pending","pending","confirmed","pending","pending"
"item","smb-test-000108","smb-test-000108","","pending","","","","scarlatti_l240k369_p3","","pending","pending","pending","pending","confirmed","pending","pending"
"item","smb-test-000109","smb-test-000109","","pending","","","","haydn_sonata03_4_p0","","pending","pending","pending","pending","confirmed","pending","pending"
"item","smb-test-000110","smb-test-000110","","pending","","","","haydn_sonata03_4_p1","","pending","pending","pending","pending","confirmed","pending","pending"
"item","smb-test-000111","smb-test-000111","","pending","","","","haydn_sonata03_4_p2","","pending","pending","pending","pending","confirmed","pending","pending"
"item","smb-test-000112","smb-test-000112","","pending","","","","haydn_sonata03_4_p3","","pending","pending","pending","pending","confirmed","pending","pending"
"item","smb-test-000113","smb-test-000113","","pending","","","","haydn_sonata03_4_p4","","pending","pending","pending","pending","confirmed","pending","pending"
"item","smb-test-000114","smb-test-000114","","pending","","","","haydn_sonata03_4_p5","","pending","pending","pending","pending","confirmed","pending","pending"
"item","smb-test-000115","smb-test-000115","","pending","","","","haydn_sonata03_4_p6","","pending","pending","pending","pending","confirmed","pending","pending"
"item","smb-test-000116","smb-test-000116","","pending","","","","haydn_sonata03_4_p7","","pending","pending","pending","pending","confirmed","pending","pending"
"item","smb-test-000117","smb-test-000117","","pending","","","","haydn_sonata03_4_p8","","pending","pending","pending","pending","confirmed","pending","pending"
"item","smb-test-000118","smb-test-000118","","pending","","","","haydn_sonata03_4_p9","","pending","pending","pending","pending","confirmed","pending","pending"
"item","smb-test-000119","smb-test-000119","","pending","","","","mozart_sonate_in_c_-_kv_330_3_left_hand_p0","","pending","pending","pending","pending","confirmed","pending","pending"
"item","smb-test-000120","smb-test-000120","","pending","","","","weber_erk089_p0","","pending","pending","pending","pending","confirmed","pending","pending"
"item","smb-test-000121","smb-test-000121","","pending","","","","hummel_prelude67_20_p0","","pending","pending","pending","pending","confirmed","pending","pending"
"item","smb-test-000122","smb-test-000122","","pending","","","","chopin_mazurka41_1_p0","","pending","pending","pending","pending","confirmed","pending","pending"
"item","smb-test-000123","smb-test-000123","","pending","","","","chopin_mazurka41_1_p1","","pending","pending","pending","pending","confirmed","pending","pending"
"item","smb-test-000124","smb-test-000124","","pending","","","","chopin_mazurka41_1_p2","","pending","pending","pending","pending","confirmed","pending","pending"
"item","smb-test-000125","smb-test-000125","","pending","","","","chopin_mazurka41_1_p3","","pending","pending","pending","pending","confirmed","pending","pending"
"item","smb-test-000126","smb-test-000126","","pending","","","","joplin_school_p0","","pending","pending","pending","pending","confirmed","pending","pending"
"item","smb-test-000127","smb-test-000127","","pending","","","","joplin_school_p1","","pending","pending","pending","pending","confirmed","pending","pending"
"item","smb-test-000128","smb-test-000128","","pending","","","","joplin_school_p2","","pending","pending","pending","pending","confirmed","pending","pending"
"item","smb-test-000129","smb-test-000129","","pending","","","","mozart_sonata13_1_right_hand_p0","","pending","pending","pending","pending","confirmed","pending","pending"
"item","smb-test-000130","smb-test-000130","","pending","","","","mozart_sonata17_3_left_hand_p0","","pending","pending","pending","pending","confirmed","pending","pending"
"item","smb-test-000131","smb-test-000131","","pending","","","","mozart_sonata01_1_right_hand_p0","","pending","pending","pending","pending","confirmed","pending","pending"
"item","smb-test-000132","smb-test-000132","","pending","","","","mozart_sonata01_1_left_hand_p0","","pending","pending","pending","pending","confirmed","pending","pending"
"item","smb-test-000133","smb-test-000133","","pending","","","","mozart_viennese1_2_left_hand_p0","","pending","pending","pending","pending","confirmed","pending","pending"
"item","smb-test-000134","smb-test-000134","","pending","","","","beethoven_sonata20_2_p0","","pending","pending","pending","pending","confirmed","pending","pending"
"item","smb-test-000135","smb-test-000135","","pending","","","","beethoven_sonata20_2_p1","","pending","pending","pending","pending","confirmed","pending","pending"
"item","smb-test-000136","smb-test-000136","","pending","","","","beethoven_sonata20_2_p2","","pending","pending","pending","pending","confirmed","pending","pending"
"item","smb-test-000137","smb-test-000137","","pending","","","","beethoven_sonata20_2_p3","","pending","pending","pending","pending","confirmed","pending","pending"
"item","smb-test-000138","smb-test-000138","","pending","","","","haydn_op77n2_02_p0","","pending","pending","pending","pending","confirmed","pending","pending"
"item","smb-test-000139","smb-test-000139","","pending","","","","haydn_op77n2_02_p1","","pending","pending","pending","pending","confirmed","pending","pending"
"item","smb-test-000140","smb-test-000140","","pending","","","","haydn_op77n2_02_p2","","pending","pending","pending","pending","confirmed","pending","pending"
"item","smb-test-000141","smb-test-000141","","pending","","","","haydn_op77n2_02_p3","","pending","pending","pending","pending","confirmed","pending","pending"
"item","smb-test-000142","smb-test-000142","","pending","","","","mozart_sonata06_1_right_hand_p0","","pending","pending","pending","pending","confirmed","pending","pending"
"item","smb-test-000143","smb-test-000143","","pending","","","","mozart_sonata06_3k_left_hand_p0","","pending","pending","pending","pending","confirmed","pending","pending"
"item","smb-test-000144","smb-test-000144","","pending","","","","mozart_quartett_in_c_-_kv_157_41_right_hand_p0","","pending","pending","pending","pending","confirmed","pending","pending"
"item","smb-test-000145","smb-test-000145","","pending","","","","grieg_op66_06_p0","","pending","pending","pending","pending","confirmed","pending","pending"
"item","smb-test-000146","smb-test-000146","","pending","","","","beethoven_sonata23_3_p0","","pending","pending","pending","pending","confirmed","pending","pending"
"item","smb-test-000147","smb-test-000147","","pending","","","","beethoven_sonata23_3_p1","","pending","pending","pending","pending","confirmed","pending","pending"
"item","smb-test-000148","smb-test-000148","","pending","","","","beethoven_sonata23_3_p2","","pending","pending","pending","pending","confirmed","pending","pending"
"item","smb-test-000149","smb-test-000149","","pending","","","","beethoven_sonata23_3_p3","","pending","pending","pending","pending","confirmed","pending","pending"
"item","smb-test-000150","smb-test-000150","","pending","","","","beethoven_sonata23_3_p4","","pending","pending","pending","pending","confirmed","pending","pending"
"item","smb-test-000151","smb-test-000151","","pending","","","","beethoven_sonata23_3_p5","","pending","pending","pending","pending","confirmed","pending","pending"
"item","smb-test-000152","smb-test-000152","","pending","","","","beethoven_sonata23_3_p6","","pending","pending","pending","pending","confirmed","pending","pending"
"item","smb-test-000153","smb-test-000153","","pending","","","","beethoven_sonata23_3_p7","","pending","pending","pending","pending","confirmed","pending","pending"
"item","smb-test-000154","smb-test-000154","","pending","","","","beethoven_sonata23_3_p8","","pending","pending","pending","pending","confirmed","pending","pending"
"item","smb-test-000155","smb-test-000155","","pending","","","","beethoven_sonata23_3_p9","","pending","pending","pending","pending","confirmed","pending","pending"
"item","smb-test-000156","smb-test-000156","","pending","","","","beethoven_sonata23_3_p10","","pending","pending","pending","pending","confirmed","pending","pending"
"item","smb-test-000157","smb-test-000157","","pending","","","","beethoven_sonata23_3_p11","","pending","pending","pending","pending","confirmed","pending","pending"
"item","smb-test-000158","smb-test-000158","","pending","","","","scarlatti_l301k049_p0","","pending","pending","pending","pending","confirmed","pending","pending"
"item","smb-test-000159","smb-test-000159","","pending","","","","scarlatti_l301k049_p1","","pending","pending","pending","pending","confirmed","pending","pending"
"item","smb-test-000160","smb-test-000160","","pending","","","","scarlatti_l301k049_p2","","pending","pending","pending","pending","confirmed","pending","pending"
"item","smb-test-000161","smb-test-000161","","pending","","","","scarlatti_l301k049_p3","","pending","pending","pending","pending","confirmed","pending","pending"
"item","smb-test-000162","smb-test-000162","","pending","","","","scarlatti_l301k049_p4","","pending","pending","pending","pending","confirmed","pending","pending"
"item","smb-test-000163","smb-test-000163","","pending","","","","scarlatti_l301k049_p5","","pending","pending","pending","pending","confirmed","pending","pending"
"item","smb-test-000164","smb-test-000164","","pending","","","","joplin_breeze_p0","","pending","pending","pending","pending","confirmed","pending","pending"
"item","smb-test-000165","smb-test-000165","","pending","","","","joplin_breeze_p1","","pending","pending","pending","pending","confirmed","pending","pending"
"item","smb-test-000166","smb-test-000166","","pending","","","","joplin_breeze_p2","","pending","pending","pending","pending","confirmed","pending","pending"
"item","smb-test-000167","smb-test-000167","","pending","","","","joplin_breeze_p3","","pending","pending","pending","pending","confirmed","pending","pending"
"item","smb-test-000168","smb-test-000168","","pending","","","","mozart_quartett_in_c_-_kv_157_45_right_hand_p0","","pending","pending","pending","pending","confirmed","pending","pending"
"item","smb-test-000169","smb-test-000169","","pending","","","","mozart_sonata16_1_right_hand_p0","","pending","pending","pending","pending","confirmed","pending","pending"
"item","smb-test-000170","smb-test-000170","","pending","","","","mozart_sonata16_1_left_hand_p0","","pending","pending","pending","pending","confirmed","pending","pending"
"item","smb-test-000171","smb-test-000171","","pending","","","","mozart_viennese6_2_p0","","pending","pending","pending","pending","confirmed","pending","pending"
"item","smb-test-000172","smb-test-000172","","pending","","","","mozart_viennese6_2_p1","","pending","pending","pending","pending","confirmed","pending","pending"
"item","smb-test-000173","smb-test-000173","","pending","","","","scarlatti_l348k244_p0","","pending","pending","pending","pending","confirmed","pending","pending"
"item","smb-test-000174","smb-test-000174","","pending","","","","scarlatti_l348k244_p1","","pending","pending","pending","pending","confirmed","pending","pending"
"item","smb-test-000175","smb-test-000175","","pending","","","","joplin_searchlight_p0","","pending","pending","pending","pending","confirmed","pending","pending"
"item","smb-test-000176","smb-test-000176","","pending","","","","joplin_searchlight_p1","","pending","pending","pending","pending","confirmed","pending","pending"
"item","smb-test-000177","smb-test-000177","","pending","","","","joplin_searchlight_p2","","pending","pending","pending","pending","confirmed","pending","pending"
"item","smb-test-000178","smb-test-000178","","pending","","","","joplin_searchlight_p3","","pending","pending","pending","pending","confirmed","pending","pending"
"item","smb-test-000179","smb-test-000179","","pending","","","","haydn_erk136_p0","","pending","pending","pending","pending","confirmed","pending","pending"
"item","smb-test-000180","smb-test-000180","","pending","","","","scarlatti_l304k470_p0","","pending","pending","pending","pending","confirmed","pending","pending"
"item","smb-test-000181","smb-test-000181","","pending","","","","scarlatti_l304k470_p1","","pending","pending","pending","pending","confirmed","pending","pending"
"item","smb-test-000182","smb-test-000182","","pending","","","","scarlatti_l304k470_p2","","pending","pending","pending","pending","confirmed","pending","pending"
"item","smb-test-000183","smb-test-000183","","pending","","","","scarlatti_l304k470_p3","","pending","pending","pending","pending","confirmed","pending","pending"
"item","smb-test-000184","smb-test-000184","","pending","","","","scarlatti_l304k470_p4","","pending","pending","pending","pending","confirmed","pending","pending"
"item","smb-test-000185","smb-test-000185","","pending","","","","scarlatti_l304k470_p5","","pending","pending","pending","pending","confirmed","pending","pending"
"item","smb-test-000186","smb-test-000186","","pending","","","","mozart_sonata11_1d_right_hand_p0","","pending","pending","pending","pending","confirmed","pending","pending"
"item","smb-test-000187","smb-test-000187","","pending","","","","mozart_sonata17_3_right_hand_p0","","pending","pending","pending","pending","confirmed","pending","pending"
"item","smb-test-000188","smb-test-000188","","pending","","","","mozart_sonata05_1_left_hand_p0","","pending","pending","pending","pending","confirmed","pending","pending"
"item","smb-test-000189","smb-test-000189","","pending","","","","mozart_sonata06_3m_right_hand_p0","","pending","pending","pending","pending","confirmed","pending","pending"
"item","smb-test-000190","smb-test-000190","","pending","","","","mozart_sonata07_1_left_hand_p0","","pending","pending","pending","pending","confirmed","pending","pending"
"item","smb-test-000191","smb-test-000191","","pending","","","","mozart_sonate_in_f_-_kv_332_32_left_hand_p0","","pending","pending","pending","pending","confirmed","pending","pending"
"item","smb-test-000192","smb-test-000192","","pending","","","","chopin_mazurka67_2_p0","","pending","pending","pending","pending","confirmed","pending","pending"
"item","smb-test-000193","smb-test-000193","","pending","","","","chopin_mazurka67_2_p1","","pending","pending","pending","pending","confirmed","pending","pending"
"item","smb-test-000194","smb-test-000194","","pending","","","","mozart_quartett_in_c_-_kv_157_42_right_hand_p0","","pending","pending","pending","pending","confirmed","pending","pending"
"item","smb-test-000195","smb-test-000195","","pending","","","","weber_erk076_p0","","pending","pending","pending","pending","confirmed","pending","pending"
"item","smb-test-000196","smb-test-000196","","pending","","","","beethoven_sonata22_1_p0","","pending","pending","pending","pending","confirmed","pending","pending"
"item","smb-test-000197","smb-test-000197","","pending","","","","beethoven_sonata22_1_p1","","pending","pending","pending","pending","confirmed","pending","pending"
"item","smb-test-000198","smb-test-000198","","pending","","","","beethoven_sonata22_1_p2","","pending","pending","pending","pending","confirmed","pending","pending"
"item","smb-test-000199","smb-test-000199","","pending","","","","beethoven_sonata22_1_p3","","pending","pending","pending","pending","confirmed","pending","pending"
"item","smb-test-000200","smb-test-000200","","pending","","","","beethoven_sonata22_1_p4","","pending","pending","pending","pending","confirmed","pending","pending"
"item","smb-test-000201","smb-test-000201","","pending","","","","beethoven_sonata22_1_p5","","pending","pending","pending","pending","confirmed","pending","pending"
"item","smb-test-000202","smb-test-000202","","pending","","","","beethoven_sonata25_1_p0","","pending","pending","pending","pending","confirmed","pending","pending"
"item","smb-test-000203","smb-test-000203","","pending","","","","beethoven_sonata25_1_p1","","pending","pending","pending","pending","confirmed","pending","pending"
"item","smb-test-000204","smb-test-000204","","pending","","","","beethoven_sonata25_1_p2","","pending","pending","pending","pending","confirmed","pending","pending"
"item","smb-test-000205","smb-test-000205","","pending","","","","beethoven_sonata25_1_p3","","pending","pending","pending","pending","confirmed","pending","pending"
"item","smb-test-000206","smb-test-000206","","pending","","","","mozart_sonate_in_a_-_kv_310_123_right_hand_p0","","pending","pending","pending","pending","confirmed","pending","pending"
"item","smb-test-000207","smb-test-000207","","pending","","","","mozart_quartett_in_c_-_kv_157_44_right_hand_p0","","pending","pending","pending","pending","confirmed","pending","pending"
"item","smb-test-000208","smb-test-000208","","pending","","","","chopin_mazurka06_3_p0","","pending","pending","pending","pending","confirmed","pending","pending"
"item","smb-test-000209","smb-test-000209","","pending","","","","chopin_mazurka06_3_p1","","pending","pending","pending","pending","confirmed","pending","pending"
"item","smb-test-000210","smb-test-000210","","pending","","","","scarlatti_l055k330_p0","","pending","pending","pending","pending","confirmed","pending","pending"
"item","smb-test-000211","smb-test-000211","","pending","","","","scarlatti_l055k330_p1","","pending","pending","pending","pending","confirmed","pending","pending"
"item","smb-test-000212","smb-test-000212","","pending","","","","mozart_sonata14_3_left_hand_p0","","pending","pending","pending","pending","confirmed","pending","pending"
"item","smb-test-000213","smb-test-000213","","pending","","","","mozart_divertimento_in_f_-_kv_138_31_right_hand_p0","","pending","pending","pending","pending","confirmed","pending","pending"
"item","smb-test-000214","smb-test-000214","","pending","","","","scarlatti_l154k235_p0","","pending","pending","pending","pending","confirmed","pending","pending"
"item","smb-test-000215","smb-test-000215","","pending","","","","scarlatti_l154k235_p1","","pending","pending","pending","pending","confirmed","pending","pending"
"item","smb-test-000216","smb-test-000216","","pending","","","","scarlatti_l154k235_p2","","pending","pending","pending","pending","confirmed","pending","pending"
"item","smb-test-000217","smb-test-000217","","pending","","","","scarlatti_l053k075_p0","","pending","pending","pending","pending","confirmed","pending","pending"
"item","smb-test-000218","smb-test-000218","","pending","","","","scarlatti_l053k075_p1","","pending","pending","pending","pending","confirmed","pending","pending"
"item","smb-test-000219","smb-test-000219","","pending","","","","chopin_mazurka07_3_p0","","pending","pending","pending","pending","confirmed","pending","pending"
"item","smb-test-000220","smb-test-000220","","pending","","","","chopin_mazurka07_3_p1","","pending","pending","pending","pending","confirmed","pending","pending"
"item","smb-test-000221","smb-test-000221","","pending","","","","chopin_mazurka07_3_p2","","pending","pending","pending","pending","confirmed","pending","pending"
"item","smb-test-000222","smb-test-000222","","pending","","","","chopin_mazurka_51_p0","","pending","pending","pending","pending","confirmed","pending","pending"
"item","smb-test-000223","smb-test-000223","","pending","","","","chopin_mazurka_51_p1","","pending","pending","pending","pending","confirmed","pending","pending"
"item","smb-test-000224","smb-test-000224","","pending","","","","chopin_mazurka_51_p2","","pending","pending","pending","pending","confirmed","pending","pending"
"item","smb-test-000225","smb-test-000225","","pending","","","","mozart_sonate_in_c_-_kv_545_p0","","pending","pending","pending","pending","confirmed","pending","pending"
"item","smb-test-000226","smb-test-000226","","pending","","","","mozart_sonate_in_c_-_kv_545_p1","","pending","pending","pending","pending","confirmed","pending","pending"
"item","smb-test-000227","smb-test-000227","","pending","","","","mozart_sonate_in_c_-_kv_545_p2","","pending","pending","pending","pending","confirmed","pending","pending"
"item","smb-test-000228","smb-test-000228","","pending","","","","mozart_sonate_in_c_-_kv_545_p3","","pending","pending","pending","pending","confirmed","pending","pending"
"item","smb-test-000229","smb-test-000229","","pending","","","","mozart_sonata17_2_p0","","pending","pending","pending","pending","confirmed","pending","pending"
"item","smb-test-000230","smb-test-000230","","pending","","","","mozart_sonata17_2_p1","","pending","pending","pending","pending","confirmed","pending","pending"
"item","smb-test-000231","smb-test-000231","","pending","","","","mozart_sonata17_2_p2","","pending","pending","pending","pending","confirmed","pending","pending"
"item","smb-test-000232","smb-test-000232","","pending","","","","mozart_sonata17_2_p3","","pending","pending","pending","pending","confirmed","pending","pending"
"item","smb-test-000233","smb-test-000233","","pending","","","","beethoven_sonata26_1_p0","","pending","pending","pending","pending","confirmed","pending","pending"
"item","smb-test-000234","smb-test-000234","","pending","","","","beethoven_sonata26_1_p1","","pending","pending","pending","pending","confirmed","pending","pending"
"item","smb-test-000235","smb-test-000235","","pending","","","","beethoven_sonata26_1_p2","","pending","pending","pending","pending","confirmed","pending","pending"
"item","smb-test-000236","smb-test-000236","","pending","","","","beethoven_sonata26_1_p3","","pending","pending","pending","pending","confirmed","pending","pending"
"item","smb-test-000237","smb-test-000237","","pending","","","","beethoven_sonata26_1_p4","","pending","pending","pending","pending","confirmed","pending","pending"
"item","smb-test-000238","smb-test-000238","","pending","","","","beethoven_sonata26_1_p5","","pending","pending","pending","pending","confirmed","pending","pending"
"item","smb-test-000239","smb-test-000239","","pending","","","","mozart_sonata06_2_right_hand_p0","","pending","pending","pending","pending","confirmed","pending","pending"
"item","smb-test-000240","smb-test-000240","","pending","","","","mozart_sonate_in_f_-_kv_332_28_right_hand_p0","","pending","pending","pending","pending","confirmed","pending","pending"
"item","smb-test-000241","smb-test-000241","","pending","","","","beethoven_sonata08_3_p0","","pending","pending","pending","pending","confirmed","pending","pending"
"item","smb-test-000242","smb-test-000242","","pending","","","","beethoven_sonata08_3_p1","","pending","pending","pending","pending","confirmed","pending","pending"
"item","smb-test-000243","smb-test-000243","","pending","","","","beethoven_sonata08_3_p2","","pending","pending","pending","pending","confirmed","pending","pending"
"item","smb-test-000244","smb-test-000244","","pending","","","","beethoven_sonata08_3_p3","","pending","pending","pending","pending","confirmed","pending","pending"
"item","smb-test-000245","smb-test-000245","","pending","","","","beethoven_sonata08_3_p4","","pending","pending","pending","pending","confirmed","pending","pending"
"item","smb-test-000246","smb-test-000246","","pending","","","","beethoven_sonata08_3_p5","","pending","pending","pending","pending","confirmed","pending","pending"
"item","smb-test-000247","smb-test-000247","","pending","","","","mozart_erk035_left_hand_p0","","pending","pending","pending","pending","confirmed","pending","pending"
"item","smb-test-000248","smb-test-000248","","pending","","","","beethoven_sonata09_2_p0","","pending","pending","pending","pending","confirmed","pending","pending"
"item","smb-test-000249","smb-test-000249","","pending","","","","beethoven_sonata09_2_p1","","pending","pending","pending","pending","confirmed","pending","pending"
"item","smb-test-000250","smb-test-000250","","pending","","","","beethoven_sonata09_2_p2","","pending","pending","pending","pending","confirmed","pending","pending"
"item","smb-test-000251","smb-test-000251","","pending","","","","beethoven_sonata09_2_p3","","pending","pending","pending","pending","confirmed","pending","pending"
"item","smb-test-000252","smb-test-000252","","pending","","","","haydn_sonata53_3_p0","","pending","pending","pending","pending","confirmed","pending","pending"
"item","smb-test-000253","smb-test-000253","","pending","","","","haydn_sonata53_3_p1","","pending","pending","pending","pending","confirmed","pending","pending"
"item","smb-test-000254","smb-test-000254","","pending","","","","haydn_sonata53_3_p2","","pending","pending","pending","pending","confirmed","pending","pending"
"item","smb-test-000255","smb-test-000255","","pending","","","","haydn_sonata53_3_p3","","pending","pending","pending","pending","confirmed","pending","pending"
"item","smb-test-000256","smb-test-000256","","pending","","","","mozart_sonata06_2_left_hand_p0","","pending","pending","pending","pending","confirmed","pending","pending"
"item","smb-test-000257","smb-test-000257","","pending","","","","mozart_sonata07_1_right_hand_p0","","pending","pending","pending","pending","confirmed","pending","pending"
"item","smb-test-000258","smb-test-000258","","pending","","","","mozart_quartett_in_g_-_kv_387_7_left_hand_p0","","pending","pending","pending","pending","confirmed","pending","pending"
"item","smb-test-000259","smb-test-000259","","pending","","","","mozart_sonata02_3_right_hand_p0","","pending","pending","pending","pending","confirmed","pending","pending"
"item","smb-test-000260","smb-test-000260","","pending","","","","mozart_sonata01_2_left_hand_p0","","pending","pending","pending","pending","confirmed","pending","pending"
"item","smb-test-000261","smb-test-000261","","pending","","","","mozart_divertimento_in_f_-_kv_138_32_right_hand_p0","","pending","pending","pending","pending","confirmed","pending","pending"
"item","smb-test-000262","smb-test-000262","","pending","","","","mozart_erk008_right_hand_p0","","pending","pending","pending","pending","confirmed","pending","pending"
"item","smb-test-000263","smb-test-000263","","pending","","","","chopin_prelude28_02_p0","","pending","pending","pending","pending","confirmed","pending","pending"
"item","smb-test-000264","smb-test-000264","","pending","","","","hummel_prelude67_04_p0","","pending","pending","pending","pending","confirmed","pending","pending"
"item","smb-test-000265","smb-test-000265","","pending","","","","hummel_prelude67_13_p0","","pending","pending","pending","pending","confirmed","pending","pending"
"item","smb-test-000266","smb-test-000266","","pending","","","","mozart_divertimento_in_f_-_kv_138_33_right_hand_p0","","pending","pending","pending","pending","confirmed","pending","pending"
"item","smb-test-000267","smb-test-000267","","pending","","","","joplin_pleasant_p0","","pending","pending","pending","pending","confirmed","pending","pending"
"item","smb-test-000268","smb-test-000268","","pending","","","","joplin_pleasant_p1","","pending","pending","pending","pending","confirmed","pending","pending"
"item","smb-test-000269","smb-test-000269","","pending","","","","joplin_pleasant_p2","","pending","pending","pending","pending","confirmed","pending","pending"
"item","smb-test-000270","smb-test-000270","","pending","","","","joplin_pleasant_p3","","pending","pending","pending","pending","confirmed","pending","pending"
"item","smb-test-000271","smb-test-000271","","pending","","","","mozart_sonata11_1b_p0","","pending","pending","pending","pending","confirmed","pending","pending"
"item","smb-test-000272","smb-test-000272","","pending","","","","mozart_sonata11_1b_p1","","pending","pending","pending","pending","confirmed","pending","pending"
"item","smb-test-000273","smb-test-000273","","pending","","","","mozart_sonata07_2_p0","","pending","pending","pending","pending","confirmed","pending","pending"
"item","smb-test-000274","smb-test-000274","","pending","","","","mozart_sonata07_2_p1","","pending","pending","pending","pending","confirmed","pending","pending"
"item","smb-test-000275","smb-test-000275","","pending","","","","mozart_sonata07_2_p2","","pending","pending","pending","pending","confirmed","pending","pending"
"item","smb-test-000276","smb-test-000276","","pending","","","","mozart_sonata07_2_p3","","pending","pending","pending","pending","confirmed","pending","pending"
"item","smb-test-000277","smb-test-000277","","pending","","","","mozart_sonata16_3_p0","","pending","pending","pending","pending","confirmed","pending","pending"
"item","smb-test-000278","smb-test-000278","","pending","","","","mozart_sonata16_3_p1","","pending","pending","pending","pending","confirmed","pending","pending"
"item","smb-test-000279","smb-test-000279","","pending","","","","mozart_sonata16_3_p2","","pending","pending","pending","pending","confirmed","pending","pending"
"item","smb-test-000280","smb-test-000280","","pending","","","","mozart_sonata16_3_p3","","pending","pending","pending","pending","confirmed","pending","pending"
"item","smb-test-000281","smb-test-000281","","pending","","","","scarlatti_l016k306_p0","","pending","pending","pending","pending","confirmed","pending","pending"
"item","smb-test-000282","smb-test-000282","","pending","","","","scarlatti_l016k306_p1","","pending","pending","pending","pending","confirmed","pending","pending"
"item","smb-test-000283","smb-test-000283","","pending","","","","scarlatti_l016k306_p2","","pending","pending","pending","pending","confirmed","pending","pending"
"item","smb-test-000284","smb-test-000284","","pending","","","","scarlatti_l016k306_p3","","pending","pending","pending","pending","confirmed","pending","pending"
"item","smb-test-000285","smb-test-000285","","pending","","","","mozart_sonata09_1_left_hand_p0","","pending","pending","pending","pending","confirmed","pending","pending"
"item","smb-test-000286","smb-test-000286","","pending","","","","mozart_divertimento_in_f_-_kv_138_34_right_hand_p0","","pending","pending","pending","pending","confirmed","pending","pending"
"item","smb-test-000287","smb-test-000287","","pending","","","","mozart_sonata17_1_left_hand_p0","","pending","pending","pending","pending","confirmed","pending","pending"
"item","smb-test-000288","smb-test-000288","","pending","","","","mozart_quintett_in_es_-_kv_407_3_right_hand_p0","","pending","pending","pending","pending","confirmed","pending","pending"
"item","smb-test-000289","smb-test-000289","","pending","","","","haydn_op74n2_01_p0","","pending","pending","pending","pending","confirmed","pending","pending"
"item","smb-test-000290","smb-test-000290","","pending","","","","haydn_op74n2_01_p1","","pending","pending","pending","pending","confirmed","pending","pending"
"item","smb-test-000291","smb-test-000291","","pending","","","","haydn_op74n2_01_p2","","pending","pending","pending","pending","confirmed","pending","pending"
"item","smb-test-000292","smb-test-000292","","pending","","","","haydn_op74n2_01_p3","","pending","pending","pending","pending","confirmed","pending","pending"
"item","smb-test-000293","smb-test-000293","","pending","","","","haydn_op74n2_01_p4","","pending","pending","pending","pending","confirmed","pending","pending"
"item","smb-test-000294","smb-test-000294","","pending","","","","haydn_op74n2_01_p5","","pending","pending","pending","pending","confirmed","pending","pending"
"item","smb-test-000295","smb-test-000295","","pending","","","","haydn_op74n2_01_p6","","pending","pending","pending","pending","confirmed","pending","pending"
"item","smb-test-000296","smb-test-000296","","pending","","","","haydn_op74n2_01_p7","","pending","pending","pending","pending","confirmed","pending","pending"
"item","smb-test-000297","smb-test-000297","","pending","","","","haydn_op74n2_01_p8","","pending","pending","pending","pending","confirmed","pending","pending"
"item","smb-test-000298","smb-test-000298","","pending","","","","haydn_op74n2_01_p9","","pending","pending","pending","pending","confirmed","pending","pending"
"item","smb-test-000299","smb-test-000299","","pending","","","","haydn_op74n2_01_p10","","pending","pending","pending","pending","confirmed","pending","pending"
"item","smb-test-000300","smb-test-000300","","pending","","","","haydn_op74n2_01_p11","","pending","pending","pending","pending","confirmed","pending","pending"
"item","smb-test-000301","smb-test-000301","","pending","","","","mozart_sonata09_3_p0","","pending","pending","pending","pending","confirmed","pending","pending"
"item","smb-test-000302","smb-test-000302","","pending","","","","mozart_sonata09_3_p1","","pending","pending","pending","pending","confirmed","pending","pending"
"item","smb-test-000303","smb-test-000303","","pending","","","","mozart_sonata09_3_p2","","pending","pending","pending","pending","confirmed","pending","pending"
"item","smb-test-000304","smb-test-000304","","pending","","","","mozart_sonata09_3_p3","","pending","pending","pending","pending","confirmed","pending","pending"
"item","smb-test-000305","smb-test-000305","","pending","","","","mozart_sonata09_3_p4","","pending","pending","pending","pending","confirmed","pending","pending"
"item","smb-test-000306","smb-test-000306","","pending","","","","mozart_sonata09_3_p5","","pending","pending","pending","pending","confirmed","pending","pending"
"item","smb-test-000307","smb-test-000307","","pending","","","","mozart_sonata09_3_p6","","pending","pending","pending","pending","confirmed","pending","pending"
"item","smb-test-000308","smb-test-000308","","pending","","","","mozart_sonate_in_f_-_kv_332_32_right_hand_p0","","pending","pending","pending","pending","confirmed","pending","pending"
"item","smb-test-000309","smb-test-000309","","pending","","","","weber_erk033_p0","","pending","pending","pending","pending","confirmed","pending","pending"
"item","smb-test-000310","smb-test-000310","","pending","","","","mozart_quartett_in_c_-_kv_157_43_right_hand_p0","","pending","pending","pending","pending","confirmed","pending","pending"
"item","smb-test-000311","smb-test-000311","","pending","","","","mozart_quartett_in_c_-_kv_157_46_right_hand_p0","","pending","pending","pending","pending","confirmed","pending","pending"
"item","smb-test-000312","smb-test-000312","","pending","","","","mozart_sonate_in_f_-_kv_332_29_right_hand_p0","","pending","pending","pending","pending","confirmed","pending","pending"
"item","smb-test-000313","smb-test-000313","","pending","","","","mozart_sonata12_3_left_hand_p0","","pending","pending","pending","pending","confirmed","pending","pending"
"item","smb-test-000314","smb-test-000314","","pending","","","","chopin_mazurka67_1_p0","","pending","pending","pending","pending","confirmed","pending","pending"
"item","smb-test-000315","smb-test-000315","","pending","","","","chopin_mazurka67_1_p1","","pending","pending","pending","pending","confirmed","pending","pending"
"item","smb-test-000316","smb-test-000316","","pending","","","","haydn_erk136a_p0","","pending","pending","pending","pending","confirmed","pending","pending"
"item","smb-test-000317","smb-test-000317","","pending","","","","haydn_erk136a_p1","","pending","pending","pending","pending","confirmed","pending","pending"
"item","smb-test-000318","smb-test-000318","","pending","","","","mozart_sonata16_2_right_hand_p0","","pending","pending","pending","pending","confirmed","pending","pending"
"item","smb-test-000319","smb-test-000319","","pending","","","","mozart_sonate_in_f_-_kv_332_33_right_hand_p0","","pending","pending","pending","pending","confirmed","pending","pending"
"item","smb-test-000320","smb-test-000320","","pending","","","","hummel_prelude67_14_p0","","pending","pending","pending","pending","confirmed","pending","pending"
"item","smb-test-000321","smb-test-000321","","pending","","","","beethoven_sonata07_4_p0","","pending","pending","pending","pending","confirmed","pending","pending"
"item","smb-test-000322","smb-test-000322","","pending","","","","beethoven_sonata07_4_p1","","pending","pending","pending","pending","confirmed","pending","pending"
"item","smb-test-000323","smb-test-000323","","pending","","","","beethoven_sonata07_4_p2","","pending","pending","pending","pending","confirmed","pending","pending"
"item","smb-test-000324","smb-test-000324","","pending","","","","beethoven_sonata07_4_p3","","pending","pending","pending","pending","confirmed","pending","pending"
"item","smb-test-000325","smb-test-000325","","pending","","","","beethoven_sonata10_2_p0","","pending","pending","pending","pending","confirmed","pending","pending"
"item","smb-test-000326","smb-test-000326","","pending","","","","beethoven_sonata10_2_p1","","pending","pending","pending","pending","confirmed","pending","pending"
"item","smb-test-000327","smb-test-000327","","pending","","","","beethoven_sonata10_2_p2","","pending","pending","pending","pending","confirmed","pending","pending"
"item","smb-test-000328","smb-test-000328","","pending","","","","beethoven_sonata10_2_p3","","pending","pending","pending","pending","confirmed","pending","pending"
"item","smb-test-000329","smb-test-000329","","pending","","","","mozart_sonata11_1e_right_hand_p0","","pending","pending","pending","pending","confirmed","pending","pending"
"item","smb-test-000330","smb-test-000330","","pending","","","","joplin_lilyqueen_p0","","pending","pending","pending","pending","confirmed","pending","pending"
"item","smb-test-000331","smb-test-000331","","pending","","","","joplin_lilyqueen_p1","","pending","pending","pending","pending","confirmed","pending","pending"
"item","smb-test-000332","smb-test-000332","","pending","","","","joplin_lilyqueen_p2","","pending","pending","pending","pending","confirmed","pending","pending"
"item","smb-test-000333","smb-test-000333","","pending","","","","joplin_lilyqueen_p3","","pending","pending","pending","pending","confirmed","pending","pending"
"item","smb-test-000334","smb-test-000334","","pending","","","","mozart_sonata08_2_p0","","pending","pending","pending","pending","confirmed","pending","pending"
"item","smb-test-000335","smb-test-000335","","pending","","","","mozart_sonata08_2_p1","","pending","pending","pending","pending","confirmed","pending","pending"
"item","smb-test-000336","smb-test-000336","","pending","","","","mozart_sonata08_2_p2","","pending","pending","pending","pending","confirmed","pending","pending"
"item","smb-test-000337","smb-test-000337","","pending","","","","mozart_sonata08_2_p3","","pending","pending","pending","pending","confirmed","pending","pending"
"item","smb-test-000338","smb-test-000338","","pending","","","","mozart_sonata08_2_p4","","pending","pending","pending","pending","confirmed","pending","pending"
"item","smb-test-000339","smb-test-000339","","pending","","","","beethoven_sonata01_2_p0","","pending","pending","pending","pending","confirmed","pending","pending"
"item","smb-test-000340","smb-test-000340","","pending","","","","beethoven_sonata01_2_p1","","pending","pending","pending","pending","confirmed","pending","pending"
"item","smb-test-000341","smb-test-000341","","pending","","","","beethoven_sonata01_2_p2","","pending","pending","pending","pending","confirmed","pending","pending"
"item","smb-test-000342","smb-test-000342","","pending","","","","mozart_sonata04_2_p0","","pending","pending","pending","pending","confirmed","pending","pending"
"item","smb-test-000343","smb-test-000343","","pending","","","","mozart_sonata04_2_p1","","pending","pending","pending","pending","confirmed","pending","pending"
"item","smb-test-000344","smb-test-000344","","pending","","","","mozart_viennese1_4_left_hand_p0","","pending","pending","pending","pending","confirmed","pending","pending"
"item","smb-test-000345","smb-test-000345","","pending","","","","mozart_sonata13_2_left_hand_p0","","pending","pending","pending","pending","confirmed","pending","pending"
"item","smb-test-000346","smb-test-000346","","pending","","","","mozart_sonata10_3_right_hand_p0","","pending","pending","pending","pending","confirmed","pending","pending"
"item","smb-test-000347","smb-test-000347","","pending","","","","mozart_sonata09_2_p0","","pending","pending","pending","pending","confirmed","pending","pending"
"item","smb-test-000348","smb-test-000348","","pending","","","","mozart_sonata09_2_p1","","pending","pending","pending","pending","confirmed","pending","pending"
"item","smb-test-000349","smb-test-000349","","pending","","","","mozart_sonata09_2_p2","","pending","pending","pending","pending","confirmed","pending","pending"
"item","smb-test-000350","smb-test-000350","","pending","","","","mozart_sonata12_2_right_hand_p0","","pending","pending","pending","pending","confirmed","pending","pending"
"item","smb-test-000351","smb-test-000351","","pending","","","","mozart_sonata13_3_left_hand_p0","","pending","pending","pending","pending","confirmed","pending","pending"
"item","smb-test-000352","smb-test-000352","","pending","","","","mozart_rondo_in_f_fu-r_clavier_-_kv_533_121_right_hand_p0","","pending","pending","pending","pending","confirmed","pending","pending"
"item","smb-test-000353","smb-test-000353","","pending","","","","mozart_sonata12_2_left_hand_p0","","pending","pending","pending","pending","confirmed","pending","pending"
"item","smb-test-000354","smb-test-000354","","pending","","","","mozart_sonata13_3_right_hand_p0","","pending","pending","pending","pending","confirmed","pending","pending"
"item","smb-test-000355","smb-test-000355","","pending","","","","mozart_sonate_in_a_-_kv_310_124_left_hand_p0","","pending","pending","pending","pending","confirmed","pending","pending"
"item","smb-test-000356","smb-test-000356","","pending","","","","scarlatti_l064k148_p0","","pending","pending","pending","pending","confirmed","pending","pending"
"item","smb-test-000357","smb-test-000357","","pending","","","","scarlatti_l064k148_p1","","pending","pending","pending","pending","confirmed","pending","pending"
"item","smb-test-000358","smb-test-000358","","pending","","","","mozart_sonata03_1_p0","","pending","pending","pending","pending","confirmed","pending","pending"
"item","smb-test-000359","smb-test-000359","","pending","","","","mozart_sonata03_1_p1","","pending","pending","pending","pending","confirmed","pending","pending"
"item","smb-test-000360","smb-test-000360","","pending","","","","mozart_sonata03_1_p2","","pending","pending","pending","pending","confirmed","pending","pending"
"item","smb-test-000361","smb-test-000361","","pending","","","","mozart_sonata03_1_p3","","pending","pending","pending","pending","confirmed","pending","pending"
"item","smb-test-000362","smb-test-000362","","pending","","","","weber_erk126_p0","","pending","pending","pending","pending","confirmed","pending","pending"
"item","smb-test-000363","smb-test-000363","","pending","","","","mozart_erk024_p0","","pending","pending","pending","pending","confirmed","pending","pending"
"item","smb-test-000364","smb-test-000364","","pending","","","","mozart_sonata06_3g_right_hand_p0","","pending","pending","pending","pending","confirmed","pending","pending"
"item","smb-test-000365","smb-test-000365","","pending","","","","mozart_sonate_in_f_-_kv_332_31_right_hand_p0","","pending","pending","pending","pending","confirmed","pending","pending"
"item","smb-test-000366","smb-test-000366","","pending","","","","haydn_sonata29_3_p0","","pending","pending","pending","pending","confirmed","pending","pending"
"item","smb-test-000367","smb-test-000367","","pending","","","","haydn_sonata29_3_p1","","pending","pending","pending","pending","confirmed","pending","pending"
"item","smb-test-000368","smb-test-000368","","pending","","","","haydn_sonata29_3_p2","","pending","pending","pending","pending","confirmed","pending","pending"
"item","smb-test-000369","smb-test-000369","","pending","","","","haydn_sonata29_3_p3","","pending","pending","pending","pending","confirmed","pending","pending"
"item","smb-test-000370","smb-test-000370","","pending","","","","scarlatti_l003k502_p0","","pending","pending","pending","pending","confirmed","pending","pending"
"item","smb-test-000371","smb-test-000371","","pending","","","","scarlatti_l003k502_p1","","pending","pending","pending","pending","confirmed","pending","pending"
"item","smb-test-000372","smb-test-000372","","pending","","","","scarlatti_l003k502_p2","","pending","pending","pending","pending","confirmed","pending","pending"
"item","smb-test-000373","smb-test-000373","","pending","","","","scarlatti_l003k502_p3","","pending","pending","pending","pending","confirmed","pending","pending"
"item","smb-test-000374","smb-test-000374","","pending","","","","mozart_sonata02_1_left_hand_p0","","pending","pending","pending","pending","confirmed","pending","pending"
"item","smb-test-000375","smb-test-000375","","pending","","","","bach_bwv978_3_p0","","pending","pending","pending","pending","confirmed","pending","pending"
"item","smb-test-000376","smb-test-000376","","pending","","","","bach_bwv978_3_p1","","pending","pending","pending","pending","confirmed","pending","pending"
"item","smb-test-000377","smb-test-000377","","pending","","","","bach_bwv978_3_p2","","pending","pending","pending","pending","confirmed","pending","pending"
"item","smb-test-000378","smb-test-000378","","pending","","","","grieg_op12_2_p0","","pending","pending","pending","pending","confirmed","pending","pending"
"item","smb-test-000379","smb-test-000379","","pending","","","","grieg_op12_2_p1","","pending","pending","pending","pending","confirmed","pending","pending"
"item","smb-test-000380","smb-test-000380","","pending","","","","mozart_sonata03_3_p0","","pending","pending","pending","pending","confirmed","pending","pending"
"item","smb-test-000381","smb-test-000381","","pending","","","","mozart_sonata03_3_p1","","pending","pending","pending","pending","confirmed","pending","pending"
"item","smb-test-000382","smb-test-000382","","pending","","","","mozart_sonata03_3_p2","","pending","pending","pending","pending","confirmed","pending","pending"
"item","smb-test-000383","smb-test-000383","","pending","","","","mozart_sonata03_3_p3","","pending","pending","pending","pending","confirmed","pending","pending"
"item","smb-test-000384","smb-test-000384","","pending","","","","mozart_sonata10_1_right_hand_p0","","pending","pending","pending","pending","confirmed","pending","pending"
"item","smb-test-000385","smb-test-000385","","pending","","","","mozart_sonata05_3_left_hand_p0","","pending","pending","pending","pending","confirmed","pending","pending"
"item","smb-test-000386","smb-test-000386","","pending","","","","bach_musical_offering_trio_bwv_1079_p0","","pending","pending","pending","pending","confirmed","pending","pending"
"item","smb-test-000387","smb-test-000387","","pending","","","","bach_musical_offering_trio_bwv_1079_p1","","pending","pending","pending","pending","confirmed","pending","pending"
"item","smb-test-000388","smb-test-000388","","pending","","","","bach_musical_offering_trio_bwv_1079_p2","","pending","pending","pending","pending","confirmed","pending","pending"
"item","smb-test-000389","smb-test-000389","","pending","","","","bach_musical_offering_trio_bwv_1079_p3","","pending","pending","pending","pending","confirmed","pending","pending"
"item","smb-test-000390","smb-test-000390","","pending","","","","beethoven_sonata01_4_p0","","pending","pending","pending","pending","confirmed","pending","pending"
"item","smb-test-000391","smb-test-000391","","pending","","","","beethoven_sonata01_4_p1","","pending","pending","pending","pending","confirmed","pending","pending"
"item","smb-test-000392","smb-test-000392","","pending","","","","beethoven_sonata01_4_p2","","pending","pending","pending","pending","confirmed","pending","pending"
"item","smb-test-000393","smb-test-000393","","pending","","","","beethoven_sonata01_4_p3","","pending","pending","pending","pending","confirmed","pending","pending"
"item","smb-test-000394","smb-test-000394","","pending","","","","beethoven_sonata01_4_p4","","pending","pending","pending","pending","confirmed","pending","pending"
"item","smb-test-000395","smb-test-000395","","pending","","","","beethoven_sonata01_4_p5","","pending","pending","pending","pending","confirmed","pending","pending"
"item","smb-test-000396","smb-test-000396","","pending","","","","beethoven_sonata01_4_p6","","pending","pending","pending","pending","confirmed","pending","pending"
"item","smb-test-000397","smb-test-000397","","pending","","","","mozart_sonata06_3l_p0","","pending","pending","pending","pending","confirmed","pending","pending"
"item","smb-test-000398","smb-test-000398","","pending","","","","mozart_sonata06_3l_p1","","pending","pending","pending","pending","confirmed","pending","pending"
"item","smb-test-000399","smb-test-000399","","pending","","","","mozart_sonata06_3l_p2","","pending","pending","pending","pending","confirmed","pending","pending"
"item","smb-test-000400","smb-test-000400","","pending","","","","joplin_rosebud_p0","","pending","pending","pending","pending","confirmed","pending","pending"
"item","smb-test-000401","smb-test-000401","","pending","","","","joplin_rosebud_p1","","pending","pending","pending","pending","confirmed","pending","pending"
"item","smb-test-000402","smb-test-000402","","pending","","","","joplin_rosebud_p2","","pending","pending","pending","pending","confirmed","pending","pending"
"item","smb-test-000403","smb-test-000403","","pending","","","","mozart_sonata01_3_right_hand_p0","","pending","pending","pending","pending","confirmed","pending","pending"
"item","smb-test-000404","smb-test-000404","","pending","","","","mozart_sonata08_1_right_hand_p0","","pending","pending","pending","pending","confirmed","pending","pending"
"item","smb-test-000405","smb-test-000405","","pending","","","","mozart_viennese1_1_p0","","pending","pending","pending","pending","confirmed","pending","pending"
"item","smb-test-000406","smb-test-000406","","pending","","","","mozart_viennese1_1_p1","","pending","pending","pending","pending","confirmed","pending","pending"
"item","smb-test-000407","smb-test-000407","","pending","","","","beethoven_sonata02_1_p0","","pending","pending","pending","pending","confirmed","pending","pending"
"item","smb-test-000408","smb-test-000408","","pending","","","","beethoven_sonata02_1_p1","","pending","pending","pending","pending","confirmed","pending","pending"
"item","smb-test-000409","smb-test-000409","","pending","","","","beethoven_sonata02_1_p2","","pending","pending","pending","pending","confirmed","pending","pending"
"item","smb-test-000410","smb-test-000410","","pending","","","","beethoven_sonata02_1_p3","","pending","pending","pending","pending","confirmed","pending","pending"
"item","smb-test-000411","smb-test-000411","","pending","","","","beethoven_sonata02_1_p4","","pending","pending","pending","pending","confirmed","pending","pending"
"item","smb-test-000412","smb-test-000412","","pending","","","","beethoven_sonata02_1_p5","","pending","pending","pending","pending","confirmed","pending","pending"
"item","smb-test-000413","smb-test-000413","","pending","","","","beethoven_sonata02_1_p6","","pending","pending","pending","pending","confirmed","pending","pending"
"item","smb-test-000414","smb-test-000414","","pending","","","","beethoven_sonata02_1_p7","","pending","pending","pending","pending","confirmed","pending","pending"
"item","smb-test-000415","smb-test-000415","","pending","","","","weber_erk113_p0","","pending","pending","pending","pending","confirmed","pending","pending"
"item","smb-test-000416","smb-test-000416","","pending","","","","weber_erk113_p1","","pending","pending","pending","pending","confirmed","pending","pending"
"item","smb-test-000417","smb-test-000417","","pending","","","","weber_erk113_p2","","pending","pending","pending","pending","confirmed","pending","pending"
"item","smb-test-000418","smb-test-000418","","pending","","","","mozart_viennese1_4_right_hand_p0","","pending","pending","pending","pending","confirmed","pending","pending"
"item","smb-test-000419","smb-test-000419","","pending","","","","mozart_sonata13_2_right_hand_p0","","pending","pending","pending","pending","confirmed","pending","pending"
"item","smb-test-000420","smb-test-000420","","pending","","","","mozart_sonata01_3_left_hand_p0","","pending","pending","pending","pending","confirmed","pending","pending"
"item","smb-test-000421","smb-test-000421","","pending","","","","mozart_sonata07_3_p0","","pending","pending","pending","pending","confirmed","pending","pending"
"item","smb-test-000422","smb-test-000422","","pending","","","","mozart_sonata07_3_p1","","pending","pending","pending","pending","confirmed","pending","pending"
"item","smb-test-000423","smb-test-000423","","pending","","","","mozart_sonata07_3_p2","","pending","pending","pending","pending","confirmed","pending","pending"
"item","smb-test-000424","smb-test-000424","","pending","","","","mozart_sonata07_3_p3","","pending","pending","pending","pending","confirmed","pending","pending"
"item","smb-test-000425","smb-test-000425","","pending","","","","mozart_sonata07_3_p4","","pending","pending","pending","pending","confirmed","pending","pending"
"item","smb-test-000426","smb-test-000426","","pending","","","","mozart_sonata07_3_p5","","pending","pending","pending","pending","confirmed","pending","pending"
"item","smb-test-000427","smb-test-000427","","pending","","","","mozart_sonata07_3_p6","","pending","pending","pending","pending","confirmed","pending","pending"
"item","smb-test-000428","smb-test-000428","","pending","","","","mozart_sonata07_2_right_hand_p0","","pending","pending","pending","pending","confirmed","pending","pending"
"item","smb-test-000429","smb-test-000429","","pending","","","","mozart_sonata14_3_right_hand_p0","","pending","pending","pending","pending","confirmed","pending","pending"
"item","smb-test-000430","smb-test-000430","","pending","","","","haydn_sonata61_1_p0","","pending","pending","pending","pending","confirmed","pending","pending"
"item","smb-test-000431","smb-test-000431","","pending","","","","haydn_sonata61_1_p1","","pending","pending","pending","pending","confirmed","pending","pending"
"item","smb-test-000432","smb-test-000432","","pending","","","","haydn_sonata61_1_p2","","pending","pending","pending","pending","confirmed","pending","pending"
"item","smb-test-000433","smb-test-000433","","pending","","","","haydn_sonata61_1_p3","","pending","pending","pending","pending","confirmed","pending","pending"
"item","smb-test-000434","smb-test-000434","","pending","","","","haydn_sonata61_1_p4","","pending","pending","pending","pending","confirmed","pending","pending"
"item","smb-test-000435","smb-test-000435","","pending","","","","chopin_mazurka24_1_p0","","pending","pending","pending","pending","confirmed","pending","pending"
"item","smb-test-000436","smb-test-000436","","pending","","","","chopin_mazurka24_1_p1","","pending","pending","pending","pending","confirmed","pending","pending"
"item","smb-test-000437","smb-test-000437","","pending","","","","mozart_sonata12_1_left_hand_p0","","pending","pending","pending","pending","confirmed","pending","pending"
"item","smb-test-000438","smb-test-000438","","pending","","","","mozart_quartett_in_b_-_kv_589_67_left_hand_p0","","pending","pending","pending","pending","confirmed","pending","pending"
"item","smb-test-000439","smb-test-000439","","pending","","","","mozart_sonata04_1_p0","","pending","pending","pending","pending","confirmed","pending","pending"
"item","smb-test-000440","smb-test-000440","","pending","","","","mozart_sonata04_1_p1","","pending","pending","pending","pending","confirmed","pending","pending"
"item","smb-test-000441","smb-test-000441","","pending","","","","chopin_mazurka30_2_p0","","pending","pending","pending","pending","confirmed","pending","pending"
"item","smb-test-000442","smb-test-000442","","pending","","","","scarlatti_l008k461_p0","","pending","pending","pending","pending","confirmed","pending","pending"
"item","smb-test-000443","smb-test-000443","","pending","","","","scarlatti_l008k461_p1","","pending","pending","pending","pending","confirmed","pending","pending"
"item","smb-test-000444","smb-test-000444","","pending","","","","scarlatti_l008k461_p2","","pending","pending","pending","pending","confirmed","pending","pending"
"item","smb-test-000445","smb-test-000445","","pending","","","","scarlatti_l008k461_p3","","pending","pending","pending","pending","confirmed","pending","pending"
"item","smb-test-000446","smb-test-000446","","pending","","","","scarlatti_l008k461_p4","","pending","pending","pending","pending","confirmed","pending","pending"
"item","smb-test-000447","smb-test-000447","","pending","","","","mozart_sonata12_3_right_hand_p0","","pending","pending","pending","pending","confirmed","pending","pending"
"item","smb-test-000448","smb-test-000448","","pending","","","","mozart_sonata09_1_right_hand_p0","","pending","pending","pending","pending","confirmed","pending","pending"
"item","smb-test-000449","smb-test-000449","","pending","","","","mozart_quintett_in_es_-_kv_407_1_right_hand_p0","","pending","pending","pending","pending","confirmed","pending","pending"
"item","smb-test-000450","smb-test-000450","","pending","","","","mozart_sonata01_2_right_hand_p0","","pending","pending","pending","pending","confirmed","pending","pending"
"item","smb-test-000451","smb-test-000451","","pending","","","","joplin_newrag_p0","","pending","pending","pending","pending","confirmed","pending","pending"
"item","smb-test-000452","smb-test-000452","","pending","","","","joplin_newrag_p1","","pending","pending","pending","pending","confirmed","pending","pending"
"item","smb-test-000453","smb-test-000453","","pending","","","","joplin_newrag_p2","","pending","pending","pending","pending","confirmed","pending","pending"
"item","smb-test-000454","smb-test-000454","","pending","","","","joplin_newrag_p3","","pending","pending","pending","pending","confirmed","pending","pending"
"item","smb-test-000455","smb-test-000455","","pending","","","","mozart_viennese6_3_right_hand_p0","","pending","pending","pending","pending","confirmed","pending","pending"
"item","smb-test-000456","smb-test-000456","","pending","","","","chopin_etude10_09_p0","","pending","pending","pending","pending","confirmed","pending","pending"
"item","smb-test-000457","smb-test-000457","","pending","","","","chopin_etude10_09_p1","","pending","pending","pending","pending","confirmed","pending","pending"
"item","smb-test-000458","smb-test-000458","","pending","","","","chopin_etude10_09_p2","","pending","pending","pending","pending","confirmed","pending","pending"
"item","smb-test-000459","smb-test-000459","","pending","","","","mozart_quartett_in_b_-_kv_458_p0","","pending","pending","pending","pending","confirmed","pending","pending"
"item","smb-test-000460","smb-test-000460","","pending","","","","mozart_quartett_in_b_-_kv_458_p1","","pending","pending","pending","pending","confirmed","pending","pending"
"item","smb-test-000461","smb-test-000461","","pending","","","","mozart_quartett_in_b_-_kv_458_p2","","pending","pending","pending","pending","confirmed","pending","pending"
"item","smb-test-000462","smb-test-000462","","pending","","","","mozart_quartett_in_b_-_kv_458_p3","","pending","pending","pending","pending","confirmed","pending","pending"
"item","smb-test-000463","smb-test-000463","","pending","","","","mozart_quartett_in_b_-_kv_458_p4","","pending","pending","pending","pending","confirmed","pending","pending"
"item","smb-test-000464","smb-test-000464","","pending","","","","mozart_quartett_in_b_-_kv_458_p5","","pending","pending","pending","pending","confirmed","pending","pending"
"item","smb-test-000465","smb-test-000465","","pending","","","","mozart_quartett_in_b_-_kv_458_p6","","pending","pending","pending","pending","confirmed","pending","pending"
"item","smb-test-000466","smb-test-000466","","pending","","","","mozart_quartett_in_b_-_kv_458_p7","","pending","pending","pending","pending","confirmed","pending","pending"
"item","smb-test-000467","smb-test-000467","","pending","","","","mozart_quartett_in_b_-_kv_458_p8","","pending","pending","pending","pending","confirmed","pending","pending"
"item","smb-test-000468","smb-test-000468","","pending","","","","mozart_quartett_in_b_-_kv_458_p9","","pending","pending","pending","pending","confirmed","pending","pending"
"item","smb-test-000469","smb-test-000469","","pending","","","","mozart_quartett_in_b_-_kv_458_p10","","pending","pending","pending","pending","confirmed","pending","pending"
"item","smb-test-000470","smb-test-000470","","pending","","","","mozart_quartett_in_b_-_kv_458_p11","","pending","pending","pending","pending","confirmed","pending","pending"
"item","smb-test-000471","smb-test-000471","","pending","","","","joplin_nonpareil_p0","","pending","pending","pending","pending","confirmed","pending","pending"
"item","smb-test-000472","smb-test-000472","","pending","","","","joplin_nonpareil_p1","","pending","pending","pending","pending","confirmed","pending","pending"
"item","smb-test-000473","smb-test-000473","","pending","","","","joplin_nonpareil_p2","","pending","pending","pending","pending","confirmed","pending","pending"
"item","smb-test-000474","smb-test-000474","","pending","","","","joplin_nonpareil_p3","","pending","pending","pending","pending","confirmed","pending","pending"
"item","smb-test-000475","smb-test-000475","","pending","","","","mozart_sonate_in_f_-_kv_332_30_right_hand_p0","","pending","pending","pending","pending","confirmed","pending","pending"
"item","smb-test-000476","smb-test-000476","","pending","","","","mozart_sonate_in_es_-_kv_282_p0","","pending","pending","pending","pending","confirmed","pending","pending"
"item","smb-test-000477","smb-test-000477","","pending","","","","mozart_sonate_in_es_-_kv_282_p1","","pending","pending","pending","pending","confirmed","pending","pending"
"item","smb-test-000478","smb-test-000478","","pending","","","","mozart_sonate_in_es_-_kv_282_p2","","pending","pending","pending","pending","confirmed","pending","pending"
"item","smb-test-000479","smb-test-000479","","pending","","","","mozart_sonata11_2_right_hand_p0","","pending","pending","pending","pending","confirmed","pending","pending"
"item","smb-test-000480","smb-test-000480","","pending","","","","mozart_sonate_in_d_-_kv_576_p0","","pending","pending","pending","pending","confirmed","pending","pending"
"item","smb-test-000481","smb-test-000481","","pending","","","","mozart_sonate_in_d_-_kv_576_p1","","pending","pending","pending","pending","confirmed","pending","pending"
"item","smb-test-000482","smb-test-000482","","pending","","","","mozart_sonate_in_d_-_kv_576_p2","","pending","pending","pending","pending","confirmed","pending","pending"
"item","smb-test-000483","smb-test-000483","","pending","","","","mozart_sonate_in_d_-_kv_576_p3","","pending","pending","pending","pending","confirmed","pending","pending"
"item","smb-test-000484","smb-test-000484","","pending","","","","mozart_sonate_in_d_-_kv_576_p4","","pending","pending","pending","pending","confirmed","pending","pending"
"item","smb-test-000485","smb-test-000485","","pending","","","","scarlatti_l319k442_p0","","pending","pending","pending","pending","confirmed","pending","pending"
"item","smb-test-000486","smb-test-000486","","pending","","","","scarlatti_l319k442_p1","","pending","pending","pending","pending","confirmed","pending","pending"
"item","smb-test-000487","smb-test-000487","","pending","","","","scarlatti_l319k442_p2","","pending","pending","pending","pending","confirmed","pending","pending"
"item","smb-test-000488","smb-test-000488","","pending","","","","scarlatti_l319k442_p3","","pending","pending","pending","pending","confirmed","pending","pending"
"item","smb-test-000489","smb-test-000489","","pending","","","","liszt_etude10_05_p0","","pending","pending","pending","pending","confirmed","pending","pending"
"item","smb-test-000490","smb-test-000490","","pending","","","","liszt_etude10_05_p1","","pending","pending","pending","pending","confirmed","pending","pending"
"item","smb-test-000491","smb-test-000491","","pending","","","","liszt_etude10_05_p2","","pending","pending","pending","pending","confirmed","pending","pending"
"item","smb-test-000492","smb-test-000492","","pending","","","","liszt_etude10_05_p3","","pending","pending","pending","pending","confirmed","pending","pending"
"item","smb-test-000493","smb-test-000493","","pending","","","","mozart_rondo_in_f_fu-r_clavier_-_kv_533_114_right_hand_p0","","pending","pending","pending","pending","confirmed","pending","pending"
"item","smb-test-000494","smb-test-000494","","pending","","","","beethoven_sonata02_2_p0","","pending","pending","pending","pending","confirmed","pending","pending"
"item","smb-test-000495","smb-test-000495","","pending","","","","beethoven_sonata02_2_p1","","pending","pending","pending","pending","confirmed","pending","pending"
"item","smb-test-000496","smb-test-000496","","pending","","","","beethoven_sonata02_2_p2","","pending","pending","pending","pending","confirmed","pending","pending"
"item","smb-test-000497","smb-test-000497","","pending","","","","mozart_sonata17_1_right_hand_p0","","pending","pending","pending","pending","confirmed","pending","pending"
"item","smb-test-000498","smb-test-000498","","pending","","","","mozart_sonata06_3h_right_hand_p0","","pending","pending","pending","pending","confirmed","pending","pending"
"item","smb-test-000499","smb-test-000499","","pending","","","","mozart_rondo_in_f_fu-r_clavier_-_kv_533_120_right_hand_p0","","pending","pending","pending","pending","confirmed","pending","pending"
"item","smb-test-000500","smb-test-000500","","pending","","","","beethoven_sonata05_1_p0","","pending","pending","pending","pending","confirmed","pending","pending"
"item","smb-test-000501","smb-test-000501","","pending","","","","beethoven_sonata05_1_p1","","pending","pending","pending","pending","confirmed","pending","pending"
"item","smb-test-000502","smb-test-000502","","pending","","","","beethoven_sonata05_1_p2","","pending","pending","pending","pending","confirmed","pending","pending"
"item","smb-test-000503","smb-test-000503","","pending","","","","beethoven_sonata05_1_p3","","pending","pending","pending","pending","confirmed","pending","pending"
"item","smb-test-000504","smb-test-000504","","pending","","","","beethoven_sonata05_1_p4","","pending","pending","pending","pending","confirmed","pending","pending"
"item","smb-test-000505","smb-test-000505","","pending","","","","beethoven_sonata05_1_p5","","pending","pending","pending","pending","confirmed","pending","pending"
"item","smb-test-000506","smb-test-000506","","pending","","","","mozart_viennese6_1_p0","","pending","pending","pending","pending","confirmed","pending","pending"
"item","smb-test-000507","smb-test-000507","","pending","","","","mozart_viennese6_1_p1","","pending","pending","pending","pending","confirmed","pending","pending"
"item","smb-test-000508","smb-test-000508","","pending","","","","haydn_op74n3_03_p0","","pending","pending","pending","pending","confirmed","pending","pending"
"item","smb-test-000509","smb-test-000509","","pending","","","","haydn_op74n3_03_p1","","pending","pending","pending","pending","confirmed","pending","pending"
"item","smb-test-000510","smb-test-000510","","pending","","","","haydn_op74n3_03_p2","","pending","pending","pending","pending","confirmed","pending","pending"
"item","smb-test-000511","smb-test-000511","","pending","","","","mozart_sonata11_1c_right_hand_p0","","pending","pending","pending","pending","confirmed","pending","pending"
"item","smb-test-000512","smb-test-000512","","pending","","","","mozart_quartett_in_a_-_kv_169_p0","","pending","pending","pending","pending","confirmed","pending","pending"
"item","smb-test-000513","smb-test-000513","","pending","","","","mozart_quartett_in_a_-_kv_169_p1","","pending","pending","pending","pending","confirmed","pending","pending"
"item","smb-test-000514","smb-test-000514","","pending","","","","mozart_quartett_in_a_-_kv_169_p2","","pending","pending","pending","pending","confirmed","pending","pending"
"item","smb-test-000515","smb-test-000515","","pending","","","","mozart_quartett_in_a_-_kv_169_p3","","pending","pending","pending","pending","confirmed","pending","pending"
"item","smb-test-000516","smb-test-000516","","pending","","","","mozart_quartett_in_a_-_kv_169_p4","","pending","pending","pending","pending","confirmed","pending","pending"
"item","smb-test-000517","smb-test-000517","","pending","","","","mozart_sonata11_3_right_hand_p0","","pending","pending","pending","pending","confirmed","pending","pending"
"item","smb-test-000518","smb-test-000518","","pending","","","","mozart_rondo_in_f_fu-r_clavier_-_kv_533_116_right_hand_p0","","pending","pending","pending","pending","confirmed","pending","pending"
"item","smb-test-000519","smb-test-000519","","pending","","","","mozart_sonata10_3_left_hand_p0","","pending","pending","pending","pending","confirmed","pending","pending"
"item","smb-test-000520","smb-test-000520","","pending","","","","mozart_sonata08_1_left_hand_p0","","pending","pending","pending","pending","confirmed","pending","pending"
"item","smb-test-000521","smb-test-000521","","pending","","","","chopin_mazurka17_2_p0","","pending","pending","pending","pending","confirmed","pending","pending"
"item","smb-test-000522","smb-test-000522","","pending","","","","chopin_mazurka17_2_p1","","pending","pending","pending","pending","confirmed","pending","pending"
"item","smb-test-000523","smb-test-000523","","pending","","","","mozart_sonata05_1_right_hand_p0","","pending","pending","pending","pending","confirmed","pending","pending"
"item","smb-test-000524","smb-test-000524","","pending","","","","mozart_sonata15_2_right_hand_p0","","pending","pending","pending","pending","confirmed","pending","pending"
"item","smb-test-000525","smb-test-000525","","pending","","","","mozart_sonata03_2_p0","","pending","pending","pending","pending","confirmed","pending","pending"
"item","smb-test-000526","smb-test-000526","","pending","","","","mozart_sonata03_2_p1","","pending","pending","pending","pending","confirmed","pending","pending"
"item","smb-test-000527","smb-test-000527","","pending","","","","haydn_op76n1_02_p0","","pending","pending","pending","pending","confirmed","pending","pending"
"item","smb-test-000528","smb-test-000528","","pending","","","","haydn_op76n1_02_p1","","pending","pending","pending","pending","confirmed","pending","pending"
"item","smb-test-000529","smb-test-000529","","pending","","","","haydn_op76n1_02_p2","","pending","pending","pending","pending","confirmed","pending","pending"
"item","smb-test-000530","smb-test-000530","","pending","","","","haydn_op76n1_02_p3","","pending","pending","pending","pending","confirmed","pending","pending"
"item","smb-test-000531","smb-test-000531","","pending","","","","haydn_op76n1_02_p4","","pending","pending","pending","pending","confirmed","pending","pending"
"item","smb-test-000532","smb-test-000532","","pending","","","","haydn_op76n1_02_p5","","pending","pending","pending","pending","confirmed","pending","pending"
"item","smb-test-000533","smb-test-000533","","pending","","","","haydn_op76n1_02_p6","","pending","pending","pending","pending","confirmed","pending","pending"
"item","smb-test-000534","smb-test-000534","","pending","","","","weber_erk164_p0","","pending","pending","pending","pending","confirmed","pending","pending"
"item","smb-test-000535","smb-test-000535","","pending","","","","mozart_sonata02_2_right_hand_p0","","pending","pending","pending","pending","confirmed","pending","pending"
"item","smb-test-000536","smb-test-000536","","pending","","","","haydn_op76n2_03_p0","","pending","pending","pending","pending","confirmed","pending","pending"
"item","smb-test-000537","smb-test-000537","","pending","","","","haydn_op76n2_03_p1","","pending","pending","pending","pending","confirmed","pending","pending"
"item","smb-test-000538","smb-test-000538","","pending","","","","haydn_op76n2_03_p2","","pending","pending","pending","pending","confirmed","pending","pending"
"item","smb-test-000539","smb-test-000539","","pending","","","","beethoven_sonata13_1_p0","","pending","pending","pending","pending","confirmed","pending","pending"
"item","smb-test-000540","smb-test-000540","","pending","","","","beethoven_sonata13_1_p1","","pending","pending","pending","pending","confirmed","pending","pending"
"item","smb-test-000541","smb-test-000541","","pending","","","","beethoven_sonata13_1_p2","","pending","pending","pending","pending","confirmed","pending","pending"
"item","smb-test-000542","smb-test-000542","","pending","","","","beethoven_sonata13_1_p3","","pending","pending","pending","pending","confirmed","pending","pending"
"item","smb-test-000543","smb-test-000543","","pending","","","","scarlatti_l166k085_p0","","pending","pending","pending","pending","confirmed","pending","pending"
"item","smb-test-000544","smb-test-000544","","pending","","","","scarlatti_l166k085_p1","","pending","pending","pending","pending","confirmed","pending","pending"
"item","smb-test-000545","smb-test-000545","","pending","","","","scarlatti_l166k085_p2","","pending","pending","pending","pending","confirmed","pending","pending"
"item","smb-test-000546","smb-test-000546","","pending","","","","mozart_sonate_in_b_-_kv_281_p0","","pending","pending","pending","pending","confirmed","pending","pending"
"item","smb-test-000547","smb-test-000547","","pending","","","","mozart_sonate_in_b_-_kv_281_p1","","pending","pending","pending","pending","confirmed","pending","pending"
"item","smb-test-000548","smb-test-000548","","pending","","","","mozart_sonate_in_b_-_kv_281_p2","","pending","pending","pending","pending","confirmed","pending","pending"
"item","smb-test-000549","smb-test-000549","","pending","","","","mozart_sonate_in_b_-_kv_281_p3","","pending","pending","pending","pending","confirmed","pending","pending"
"item","smb-test-000550","smb-test-000550","","pending","","","","mozart_sonata13_1_left_hand_p0","","pending","pending","pending","pending","confirmed","pending","pending"
"item","smb-test-000551","smb-test-000551","","pending","","","","mozart_divertimento_in_f_-_kv_138_30_right_hand_p0","","pending","pending","pending","pending","confirmed","pending","pending"
"item","smb-test-000552","smb-test-000552","","pending","","","","scarlatti_l339k512_p0","","pending","pending","pending","pending","confirmed","pending","pending"
"item","smb-test-000553","smb-test-000553","","pending","","","","scarlatti_l339k512_p1","","pending","pending","pending","pending","confirmed","pending","pending"
"item","smb-test-000554","smb-test-000554","","pending","","","","scarlatti_l339k512_p2","","pending","pending","pending","pending","confirmed","pending","pending"
"item","smb-test-000555","smb-test-000555","","pending","","","","scarlatti_l339k512_p3","","pending","pending","pending","pending","confirmed","pending","pending"
"item","smb-test-000556","smb-test-000556","","pending","","","","mozart_sonata02_1_right_hand_p0","","pending","pending","pending","pending","confirmed","pending","pending"
"item","smb-test-000557","smb-test-000557","","pending","","","","beethoven_sonata15_3_p0","","pending","pending","pending","pending","confirmed","pending","pending"
"item","smb-test-000558","smb-test-000558","","pending","","","","beethoven_sonata15_3_p1","","pending","pending","pending","pending","confirmed","pending","pending"
"item","smb-test-000559","smb-test-000559","","pending","","","","mozart_sonata11_1f_right_hand_p0","","pending","pending","pending","pending","confirmed","pending","pending"
"item","smb-test-000560","smb-test-000560","","pending","","","","mozart_sonata16_2_left_hand_p0","","pending","pending","pending","pending","confirmed","pending","pending"
"item","smb-test-000561","smb-test-000561","","pending","","","","scarlatti_l481k025_p0","","pending","pending","pending","pending","confirmed","pending","pending"
"item","smb-test-000562","smb-test-000562","","pending","","","","scarlatti_l481k025_p1","","pending","pending","pending","pending","confirmed","pending","pending"
"item","smb-test-000563","smb-test-000563","","pending","","","","scarlatti_l481k025_p2","","pending","pending","pending","pending","confirmed","pending","pending"
"item","smb-test-000564","smb-test-000564","","pending","","","","scarlatti_l481k025_p3","","pending","pending","pending","pending","confirmed","pending","pending"
"item","smb-test-000565","smb-test-000565","","pending","","","","mozart_sonata06_3j_p0","","pending","pending","pending","pending","confirmed","pending","pending"
"item","smb-test-000566","smb-test-000566","","pending","","","","mozart_sonata08_3_left_hand_p0","","pending","pending","pending","pending","confirmed","pending","pending"
"item","smb-test-000567","smb-test-000567","","pending","","","","mozart_sonata06_1_left_hand_p0","","pending","pending","pending","pending","confirmed","pending","pending"
"item","smb-test-000568","smb-test-000568","","pending","","","","joplin_leola_p0","","pending","pending","pending","pending","confirmed","pending","pending"
"item","smb-test-000569","smb-test-000569","","pending","","","","joplin_leola_p1","","pending","pending","pending","pending","confirmed","pending","pending"
"item","smb-test-000570","smb-test-000570","","pending","","","","joplin_leola_p2","","pending","pending","pending","pending","confirmed","pending","pending"
"item","smb-test-000571","smb-test-000571","","pending","","","","joplin_leola_p3","","pending","pending","pending","pending","confirmed","pending","pending"
"item","smb-test-000572","smb-test-000572","","pending","","","","mozart_sonata12_1_right_hand_p0","","pending","pending","pending","pending","confirmed","pending","pending"
"item","smb-test-000573","smb-test-000573","","pending","","","","mozart_sonata05_3_right_hand_p0","","pending","pending","pending","pending","confirmed","pending","pending"
"item","smb-test-000574","smb-test-000574","","pending","","","","joplin_gladiolus_p0","","pending","pending","pending","pending","confirmed","pending","pending"
"item","smb-test-000575","smb-test-000575","","pending","","","","mozart_sonata11_1g_right_hand_p0","","pending","pending","pending","pending","confirmed","pending","pending"
"item","smb-test-000576","smb-test-000576","","pending","","","","mozart_sonata02_3_left_hand_p0","","pending","pending","pending","pending","confirmed","pending","pending"
"item","smb-test-000577","smb-test-000577","","pending","","","","mozart_sonata15_3_p0","","pending","pending","pending","pending","confirmed","pending","pending"
"item","smb-test-000578","smb-test-000578","","pending","","","","mozart_sonata15_3_p1","","pending","pending","pending","pending","confirmed","pending","pending"
"item","smb-test-000579","smb-test-000579","","pending","","","","haydn_sonata16_2_p0","","pending","pending","pending","pending","confirmed","pending","pending"
"item","smb-test-000580","smb-test-000580","","pending","","","","haydn_sonata16_2_p1","","pending","pending","pending","pending","confirmed","pending","pending"
"item","smb-test-000581","smb-test-000581","","pending","","","","beethoven_sonata21_1_p0","","pending","pending","pending","pending","confirmed","pending","pending"
"item","smb-test-000582","smb-test-000582","","pending","","","","beethoven_sonata21_1_p1","","pending","pending","pending","pending","confirmed","pending","pending"
"item","smb-test-000583","smb-test-000583","","pending","","","","beethoven_sonata21_1_p2","","pending","pending","pending","pending","confirmed","pending","pending"
"item","smb-test-000584","smb-test-000584","","pending","","","","beethoven_sonata21_1_p3","","pending","pending","pending","pending","confirmed","pending","pending"
"item","smb-test-000585","smb-test-000585","","pending","","","","beethoven_sonata21_1_p4","","pending","pending","pending","pending","confirmed","pending","pending"
"item","smb-test-000586","smb-test-000586","","pending","","","","beethoven_sonata21_1_p5","","pending","pending","pending","pending","confirmed","pending","pending"
"item","smb-test-000587","smb-test-000587","","pending","","","","beethoven_sonata21_1_p6","","pending","pending","pending","pending","confirmed","pending","pending"
"item","smb-test-000588","smb-test-000588","","pending","","","","beethoven_sonata21_1_p7","","pending","pending","pending","pending","confirmed","pending","pending"
"item","smb-test-000589","smb-test-000589","","pending","","","","beethoven_sonata21_1_p8","","pending","pending","pending","pending","confirmed","pending","pending"
"item","smb-test-000590","smb-test-000590","","pending","","","","beethoven_sonata21_1_p9","","pending","pending","pending","pending","confirmed","pending","pending"
"item","smb-test-000591","smb-test-000591","","pending","","","","beethoven_sonata21_1_p10","","pending","pending","pending","pending","confirmed","pending","pending"
"item","smb-test-000592","smb-test-000592","","pending","","","","beethoven_sonata21_1_p11","","pending","pending","pending","pending","confirmed","pending","pending"
"item","smb-test-000593","smb-test-000593","","pending","","","","beethoven_sonata21_1_p12","","pending","pending","pending","pending","confirmed","pending","pending"
"item","smb-test-000594","smb-test-000594","","pending","","","","beethoven_sonata21_1_p13","","pending","pending","pending","pending","confirmed","pending","pending"
"item","smb-test-000595","smb-test-000595","","pending","","","","ravel_sonatine_1_p0","","pending","pending","pending","pending","confirmed","pending","pending"
"item","smb-test-000596","smb-test-000596","","pending","","","","ravel_sonatine_1_p1","","pending","pending","pending","pending","confirmed","pending","pending"
"item","smb-test-000597","smb-test-000597","","pending","","","","ravel_sonatine_1_p2","","pending","pending","pending","pending","confirmed","pending","pending"
"item","smb-test-000598","smb-test-000598","","pending","","","","ravel_sonatine_1_p3","","pending","pending","pending","pending","confirmed","pending","pending"
"item","smb-test-000599","smb-test-000599","","pending","","","","chopin_mazurka07_4_p0","","pending","pending","pending","pending","confirmed","pending","pending"
"item","smb-test-000600","smb-test-000600","","pending","","","","chopin_mazurka07_4_p1","","pending","pending","pending","pending","confirmed","pending","pending"
"item","smb-test-000601","smb-test-000601","","pending","","","","mozart_sonata06_3f_p0","","pending","pending","pending","pending","confirmed","pending","pending"
"item","smb-test-000602","smb-test-000602","","pending","","","","mozart_sonata09_2_left_hand_p0","","pending","pending","pending","pending","confirmed","pending","pending"
"item","smb-test-000603","smb-test-000603","","pending","","","","beethoven_sonata11_3_p0","","pending","pending","pending","pending","confirmed","pending","pending"
"item","smb-test-000604","smb-test-000604","","pending","","","","beethoven_sonata11_3_p1","","pending","pending","pending","pending","confirmed","pending","pending"
"item","smb-test-000605","smb-test-000605","","pending","","","","joplin_roseleaf_p0","","pending","pending","pending","pending","confirmed","pending","pending"
"item","smb-test-000606","smb-test-000606","","pending","","","","joplin_roseleaf_p1","","pending","pending","pending","pending","confirmed","pending","pending"
"item","smb-test-000607","smb-test-000607","","pending","","","","joplin_roseleaf_p2","","pending","pending","pending","pending","confirmed","pending","pending"
"item","smb-test-000608","smb-test-000608","","pending","","","","joplin_roseleaf_p3","","pending","pending","pending","pending","confirmed","pending","pending"
"item","smb-test-000609","smb-test-000609","","pending","","","","chopin_mazurka68_4_p0","","pending","pending","pending","pending","confirmed","pending","pending"
"item","smb-test-000610","smb-test-000610","","pending","","","","chopin_mazurka68_4_p1","","pending","pending","pending","pending","confirmed","pending","pending"
"item","smb-test-000611","smb-test-000611","","pending","","","","scarlatti_l334k122_p0","","pending","pending","pending","pending","confirmed","pending","pending"
"item","smb-test-000612","smb-test-000612","","pending","","","","scarlatti_l334k122_p1","","pending","pending","pending","pending","confirmed","pending","pending"
"item","smb-test-000613","smb-test-000613","","pending","","","","scarlatti_l334k122_p2","","pending","pending","pending","pending","confirmed","pending","pending"
"item","smb-test-000614","smb-test-000614","","pending","","","","scarlatti_l334k122_p3","","pending","pending","pending","pending","confirmed","pending","pending"
"item","smb-test-000615","smb-test-000615","","pending","","","","mozart_sonata02_1_p0","","pending","pending","pending","pending","confirmed","pending","pending"
"item","smb-test-000616","smb-test-000616","","pending","","","","mozart_sonata02_1_p1","","pending","pending","pending","pending","confirmed","pending","pending"
"item","smb-test-000617","smb-test-000617","","pending","","","","mozart_sonata02_1_p2","","pending","pending","pending","pending","confirmed","pending","pending"
"item","smb-test-000618","smb-test-000618","","pending","","","","mozart_sonata02_1_p3","","pending","pending","pending","pending","confirmed","pending","pending"
"item","smb-test-000619","smb-test-000619","","pending","","","","mozart_sonata04_3_p0","","pending","pending","pending","pending","confirmed","pending","pending"
"item","smb-test-000620","smb-test-000620","","pending","","","","mozart_sonata04_3_p1","","pending","pending","pending","pending","confirmed","pending","pending"
"item","smb-test-000621","smb-test-000621","","pending","","","","mozart_erk035_right_hand_p0","","pending","pending","pending","pending","confirmed","pending","pending"
"item","smb-test-000622","smb-test-000622","","pending","","","","mozart_serenade_in_g_-_kv_525_p0","","pending","pending","pending","pending","confirmed","pending","pending"
"item","smb-test-000623","smb-test-000623","","pending","","","","mozart_serenade_in_g_-_kv_525_p1","","pending","pending","pending","pending","confirmed","pending","pending"
"item","smb-test-000624","smb-test-000624","","pending","","","","mozart_serenade_in_g_-_kv_525_p2","","pending","pending","pending","pending","confirmed","pending","pending"
"item","smb-test-000625","smb-test-000625","","pending","","","","mozart_serenade_in_g_-_kv_525_p3","","pending","pending","pending","pending","confirmed","pending","pending"
"item","smb-test-000626","smb-test-000626","","pending","","","","mozart_serenade_in_g_-_kv_525_p4","","pending","pending","pending","pending","confirmed","pending","pending"
"item","smb-test-000627","smb-test-000627","","pending","","","","mozart_serenade_in_g_-_kv_525_p5","","pending","pending","pending","pending","confirmed","pending","pending"
"item","smb-test-000628","smb-test-000628","","pending","","","","mozart_serenade_in_g_-_kv_525_p6","","pending","pending","pending","pending","confirmed","pending","pending"
"item","smb-test-000629","smb-test-000629","","pending","","","","mozart_sonata02_2_left_hand_p0","","pending","pending","pending","pending","confirmed","pending","pending"
"item","smb-test-000630","smb-test-000630","","pending","","","","mozart_viennese1_2_right_hand_p0","","pending","pending","pending","pending","confirmed","pending","pending"
"item","smb-test-000631","smb-test-000631","","pending","","","","haydn_op74n2_03_p0","","pending","pending","pending","pending","confirmed","pending","pending"
"item","smb-test-000632","smb-test-000632","","pending","","","","haydn_op74n2_03_p1","","pending","pending","pending","pending","confirmed","pending","pending"
"item","smb-test-000633","smb-test-000633","","pending","","","","haydn_op74n2_03_p2","","pending","pending","pending","pending","confirmed","pending","pending"
"item","smb-test-000634","smb-test-000634","","pending","","","","haydn_op74n2_03_p3","","pending","pending","pending","pending","confirmed","pending","pending"
"item","smb-test-000635","smb-test-000635","","pending","","","","mozart_quintett_in_es_-_kv_407_3_left_hand_p0","","pending","pending","pending","pending","confirmed","pending","pending"
"item","smb-test-000636","smb-test-000636","","pending","","","","beethoven_sonata28_4_p0","","pending","pending","pending","pending","confirmed","pending","pending"
"item","smb-test-000637","smb-test-000637","","pending","","","","beethoven_sonata28_4_p1","","pending","pending","pending","pending","confirmed","pending","pending"
"item","smb-test-000638","smb-test-000638","","pending","","","","beethoven_sonata28_4_p2","","pending","pending","pending","pending","confirmed","pending","pending"
"item","smb-test-000639","smb-test-000639","","pending","","","","beethoven_sonata28_4_p3","","pending","pending","pending","pending","confirmed","pending","pending"
"item","smb-test-000640","smb-test-000640","","pending","","","","beethoven_sonata28_4_p4","","pending","pending","pending","pending","confirmed","pending","pending"
"item","smb-test-000641","smb-test-000641","","pending","","","","beethoven_sonata28_4_p5","","pending","pending","pending","pending","confirmed","pending","pending"
"item","smb-test-000642","smb-test-000642","","pending","","","","beethoven_sonata28_4_p6","","pending","pending","pending","pending","confirmed","pending","pending"
"item","smb-test-000643","smb-test-000643","","pending","","","","beethoven_sonata28_4_p7","","pending","pending","pending","pending","confirmed","pending","pending"
"item","smb-test-000644","smb-test-000644","","pending","","","","beethoven_sonata28_4_p8","","pending","pending","pending","pending","confirmed","pending","pending"
"item","smb-test-000645","smb-test-000645","","pending","","","","mozart_sonata06_3m_left_hand_p0","","pending","pending","pending","pending","confirmed","pending","pending"
"item","smb-test-000646","smb-test-000646","","pending","","","","beethoven_sonata22_2_p0","","pending","pending","pending","pending","confirmed","pending","pending"
"item","smb-test-000647","smb-test-000647","","pending","","","","beethoven_sonata22_2_p1","","pending","pending","pending","pending","confirmed","pending","pending"
"item","smb-test-000648","smb-test-000648","","pending","","","","beethoven_sonata22_2_p2","","pending","pending","pending","pending","confirmed","pending","pending"
"item","smb-test-000649","smb-test-000649","","pending","","","","beethoven_sonata22_2_p3","","pending","pending","pending","pending","confirmed","pending","pending"
"item","smb-test-000650","smb-test-000650","","pending","","","","beethoven_sonata22_2_p4","","pending","pending","pending","pending","confirmed","pending","pending"
"item","smb-test-000651","smb-test-000651","","pending","","","","beethoven_sonata22_2_p5","","pending","pending","pending","pending","confirmed","pending","pending"
"item","smb-test-000652","smb-test-000652","","pending","","","","mozart_sonata15_1_p0","","pending","pending","pending","pending","confirmed","pending","pending"
"item","smb-test-000653","smb-test-000653","","pending","","","","mozart_sonata15_1_p1","","pending","pending","pending","pending","confirmed","pending","pending"
"item","smb-test-000654","smb-test-000654","","pending","","","","mozart_sonata15_1_p2","","pending","pending","pending","pending","confirmed","pending","pending"
"item","smb-test-000655","smb-test-000655","","pending","","","","beethoven_sonata31_1_p0","","pending","pending","pending","pending","confirmed","pending","pending"
"item","smb-test-000656","smb-test-000656","","pending","","","","beethoven_sonata31_1_p1","","pending","pending","pending","pending","confirmed","pending","pending"
"item","smb-test-000657","smb-test-000657","","pending","","","","beethoven_sonata31_1_p2","","pending","pending","pending","pending","confirmed","pending","pending"
"item","smb-test-000658","smb-test-000658","","pending","","","","beethoven_sonata31_1_p3","","pending","pending","pending","pending","confirmed","pending","pending"
"item","smb-test-000659","smb-test-000659","","pending","","","","beethoven_sonata31_1_p4","","pending","pending","pending","pending","confirmed","pending","pending"
"item","smb-test-000660","smb-test-000660","","pending","","","","scarlatti_l400k360_p0","","pending","pending","pending","pending","confirmed","pending","pending"
"item","smb-test-000661","smb-test-000661","","pending","","","","scarlatti_l400k360_p1","","pending","pending","pending","pending","confirmed","pending","pending"
"item","smb-test-000662","smb-test-000662","","pending","","","","scarlatti_l400k360_p2","","pending","pending","pending","pending","confirmed","pending","pending"
"item","smb-test-000663","smb-test-000663","","pending","","","","scarlatti_l400k360_p3","","pending","pending","pending","pending","confirmed","pending","pending"
"item","smb-test-000664","smb-test-000664","","pending","","","","scarlatti_l400k360_p4","","pending","pending","pending","pending","confirmed","pending","pending"
"item","smb-test-000665","smb-test-000665","","pending","","","","mozart_rondo_in_f_fu-r_clavier_-_kv_533_119_right_hand_p0","","pending","pending","pending","pending","confirmed","pending","pending"
"item","smb-test-000666","smb-test-000666","","pending","","","","chopin_prelude28_23_p0","","pending","pending","pending","pending","confirmed","pending","pending"
"item","smb-test-000667","smb-test-000667","","pending","","","","chopin_prelude28_23_p1","","pending","pending","pending","pending","confirmed","pending","pending"
"item","smb-test-000668","smb-test-000668","","pending","","","","beethoven_sonata03_1_p0","","pending","pending","pending","pending","confirmed","pending","pending"
"item","smb-test-000669","smb-test-000669","","pending","","","","beethoven_sonata03_1_p1","","pending","pending","pending","pending","confirmed","pending","pending"
"item","smb-test-000670","smb-test-000670","","pending","","","","beethoven_sonata03_1_p2","","pending","pending","pending","pending","confirmed","pending","pending"
"item","smb-test-000671","smb-test-000671","","pending","","","","beethoven_sonata03_1_p3","","pending","pending","pending","pending","confirmed","pending","pending"
"item","smb-test-000672","smb-test-000672","","pending","","","","beethoven_sonata03_1_p4","","pending","pending","pending","pending","confirmed","pending","pending"
"item","smb-test-000673","smb-test-000673","","pending","","","","beethoven_sonata03_1_p5","","pending","pending","pending","pending","confirmed","pending","pending"
"item","smb-test-000674","smb-test-000674","","pending","","","","beethoven_sonata03_1_p6","","pending","pending","pending","pending","confirmed","pending","pending"
"item","smb-test-000675","smb-test-000675","","pending","","","","beethoven_sonata03_1_p7","","pending","pending","pending","pending","confirmed","pending","pending"
"item","smb-test-000676","smb-test-000676","","pending","","","","mozart_sonata10_2_p0","","pending","pending","pending","pending","confirmed","pending","pending"
"item","smb-test-000677","smb-test-000677","","pending","","","","mozart_sonata10_2_p1","","pending","pending","pending","pending","confirmed","pending","pending"
"item","smb-test-000678","smb-test-000678","","pending","","","","mozart_sonata07_2_left_hand_p0","","pending","pending","pending","pending","confirmed","pending","pending"
"item","smb-test-000679","smb-test-000679","","pending","","","","beethoven_sonata10_3_p0","","pending","pending","pending","pending","confirmed","pending","pending"
"item","smb-test-000680","smb-test-000680","","pending","","","","beethoven_sonata10_3_p1","","pending","pending","pending","pending","confirmed","pending","pending"
"item","smb-test-000681","smb-test-000681","","pending","","","","beethoven_sonata10_3_p2","","pending","pending","pending","pending","confirmed","pending","pending"
"item","smb-test-000682","smb-test-000682","","pending","","","","beethoven_sonata10_3_p3","","pending","pending","pending","pending","confirmed","pending","pending"
"item","smb-test-000683","smb-test-000683","","pending","","","","beethoven_sonata10_3_p4","","pending","pending","pending","pending","confirmed","pending","pending"
"item","smb-test-000684","smb-test-000684","","pending","","","","beethoven_sonata10_3_p5","","pending","pending","pending","pending","confirmed","pending","pending"
"candidate","candidate-08c6daaf17ac26d7","smb-test-000191","smb-test-000213","pending","","","","","","","pending","","","","",""
"candidate","candidate-09d326728537e12f","smb-test-000258","smb-test-000449","pending","","","","","","","pending","","","","",""
"candidate","candidate-100b3617e616cc99","smb-test-000207","smb-test-000551","pending","","","","","","","pending","","","","",""
"candidate","candidate-1285bed341d0faa5","smb-test-000261","smb-test-000365","pending","","","","","","","pending","","","","",""
"candidate","candidate-168be0bbb6a8a59e","smb-test-000551","smb-test-000635","pending","","","","","","","pending","","","","",""
"candidate","candidate-1cc49d53773de1d0","smb-test-000329","smb-test-000355","pending","","","","","","","pending","","","","",""
"candidate","candidate-2c5b9cf40bf16cbf","smb-test-000365","smb-test-000551","pending","","","","","","","pending","","","","",""
"candidate","candidate-30e1ba519a1bd128","smb-test-000207","smb-test-000365","pending","","","","","","","pending","","","","",""
"candidate","candidate-31294aae550b17e6","smb-test-000365","smb-test-000475","pending","","","","","","","pending","","","","",""
"candidate","candidate-485eafd2a7ea9ca1","smb-test-000449","smb-test-000475","pending","","","","","","","pending","","","","",""
"candidate","candidate-97ee0c435d4b98dc","smb-test-000213","smb-test-000286","pending","","","","","","","pending","","","","",""
"candidate","candidate-e7868e2486a21a85","smb-test-000207","smb-test-000449","pending","","","","","","","pending","","","","",""
"candidate","candidate-eebb35ae901cde4d","smb-test-000365","smb-test-000449","pending","","","","","","","pending","","","","",""
"candidate","candidate-eff0b6d51fbf27d4","smb-test-000449","smb-test-000551","pending","","","","","","","pending","","","","",""
